Workbook

Sheet 요약_2025.12
A1: 해외 은행 자회사 순자산 기회비용 – 벤치마크 금리 요약 (최상위 은행채 3년, 현지통화)
A3: 기준월 | B3: 45992 | C3: ← 변경 가능 (노란 셀)
A4: 기준분기 | B4: =YEAR(B3)&"Q"&ROUNDUP(MONTH(B3)/3,0) -> 2025Q4 | C4: 베트남 은행채(발행 희소)는 기준분기 발행액 가중값을 사용
A6: 국가 | B6: 통화 | C6: 정책금리 (기준월말) | D6: 국채 3Y (기준월 평균) | E6: 벤치마크 지표 | F6: 은행채/회사채 수익률 | G6: 스프레드 (bp) | H6: 권고 벤치마크 (세전) =국채+스프레드 | I6: 법인세율 (입력) | J6: 세후 환산 | K6: 측정창 | L6: 비고
A7: 일본 | B7: JPY | C7: =INDEX(월별!$E$5:$E$70,MATCH($B$3,월별!$A$5:$A$70,0)) -> 0.0075 | D7: =INDEX(월별!$F$5:$F$70,MATCH($B$3,월별!$A$5:$A$70,0)) -> 0.011856818 | E7: 일본 회사채 R&I AA 잔존 3년 평균 (JSDA 格付マトリクス) | F7: =IFERROR(INDEX(월별!$G$5:$G$70,MATCH($B$3,월별!$A$5:$A$70,0)),"") -> 0.015895 | G7: =IFERROR((INDEX(월별!$G$5:$G$70,MATCH($B$3,월별!$A$5:$A$70,0))-INDEX(월별!$F$5:$F$70,MATCH($B$3,월별!$A$5:$A$70,0)))*10000,"") -> 40.381818 | H7: =IFERROR(D7+G7/10000,"") -> 0.015895 | I7: 0.3062 | J7: =IFERROR(H7*(1-I7),"") -> 0.011027951 | K7: 기준월 평균 | L7: JSDA 등급별 매트릭스는 전 업종 회사채 기준(은행 한정 아님). 메가뱅크 국내 등급(R&I)은 대체로 A+~AA- 수준. AAA는 표본 3~5종목으로 적어 참고용(월별 시트 H열). 법인세율은 대기업 법정실효세율 가정.
A8: 중국 | B8: CNY | C8: =INDEX(월별!$J$5:$J$70,MATCH($B$3,월별!$A$5:$A$70,0)) -> 0.03 | D8: =INDEX(월별!$K$5:$K$70,MATCH($B$3,월별!$A$5:$A$70,0)) -> 0.014045217 | E8: 中债 商业银行普通债(AAA) 3년 (ChinaBond) | F8: =IFERROR(INDEX(월별!$L$5:$L$70,MATCH($B$3,월별!$A$5:$A$70,0)),"") -> 0.018408 | G8: =IFERROR((INDEX(월별!$L$5:$L$70,MATCH($B$3,월별!$A$5:$A$70,0))-INDEX(월별!$K$5:$K$70,MATCH($B$3,월별!$A$5:$A$70,0)))*10000,"") -> 43.627826 | H8: =IFERROR(D8+G8/10000,"") -> 0.018408 | I8: 0.25 | J8: =IFERROR(H8*(1-I8),"") -> 0.013806 | K8: 기준월 평균 | L8: 은행 선순위 일반채 AAA 커브 직접 사용. 정책금리 열은 LPR 1Y(BIS 기준). 국채 이자 비과세 vs 금융채 과세 차이가 스프레드에 일부 포함. 2025.8.8 이후 신규 금융채 이자 VAT 부과.
A9: 베트남 (권고) | B9: VND | C9: =INDEX(월별!$O$5:$O$70,MATCH($B$3,월별!$A$5:$A$70,0)) -> 0.045 | D9: =INDEX(월별!$P$5:$P$70,MATCH($B$3,월별!$A$5:$A$70,0)) -> 0.031686957 | E9: Big4(국영) 선순위 고정금리 은행채 발행 스프레드 (VBMA) | F9: =IFERROR(D9+G9/10000,"") -> 0.058486957 | G9: =IFERROR(INDEX(분기·연도별!$S$5:$S$40,MATCH($B$4,분기·연도별!$A$5:$A$40,0)),"") -> 268 | H9: =IFERROR(D9+G9/10000,"") -> 0.058486957 | I9: 0.2 | J9: =IFERROR(H9*(1-I9),"") -> 0.046789565 | K9: 국채: 기준월 / 스프레드: 기준분기 | L9: Big4 고정금리 선순위 발행은 매우 드묾(2025.4Q: Vietcombank 2년물 5.8%, 2025.12.18 1건). Big4는 대부분 변동금리(12개월 예금금리+α) 후순위성 장기채 발행 → 표본 제약 명시 필요.
A10: 베트남 (참고) | B10: VND | C10: =INDEX(월별!$O$5:$O$70,MATCH($B$3,월별!$A$5:$A$70,0)) -> 0.045 | D10: =INDEX(월별!$P$5:$P$70,MATCH($B$3,월별!$A$5:$A$70,0)) -> 0.031686957 | E10: 은행 전체 선순위 고정 2~4년 발행 스프레드 (VBMA) | F10: =IFERROR(D10+G10/10000,"") -> 0.066682796 | G10: =IFERROR(INDEX(분기·연도별!$Q$5:$Q$40,MATCH($B$4,분기·연도별!$A$5:$A$40,0)),"") -> 349.9584 | H10: =IFERROR(D10+G10/10000,"") -> 0.066682796 | I10: 0.2 | J10: =IFERROR(H10*(1-I10),"") -> 0.053346237 | K10: 국채: 기준월 / 스프레드: 기준분기 | L10: 민간은행(Techcombank, VPBank, VIB, OCB, HDBank 등) 중심 → 최상위 등급보다 높게 나옴. 하한(최상위)과 범위 확인용.
A11: 카자흐스탄 | B11: KZT | C11: =INDEX(월별!$V$5:$V$70,MATCH($B$3,월별!$A$5:$A$70,0)) -> 0.18 | D11: =INDEX(월별!$W$5:$W$70,MATCH($B$3,월별!$A$5:$A$70,0)) -> 0.16561364 | E11: KASE 회사채 수익률지수 KASE_BMY (주시장 회사채) | F11: =IFERROR(INDEX(월별!$Y$5:$Y$70,MATCH($B$3,월별!$A$5:$A$70,0)),"") -> 0.16829091 | G11: =IFERROR((INDEX(월별!$Y$5:$Y$70,MATCH($B$3,월별!$A$5:$A$70,0))-INDEX(월별!$W$5:$W$70,MATCH($B$3,월별!$A$5:$A$70,0)))*10000,"") -> 26.772727 | H11: =IFERROR(MAX(D11,F11),"") -> 0.16829091 | I11: 0.2 | J11: =IFERROR(H11*(1-I11),"") -> 0.13463273 | K11: 기준월 평균 | L11: 권고값 = MAX(국채, 회사채지수): KZT 우량 회사채는 준국영 발행 위주라 국채와 비슷하거나 낮게 거래됨(2022~23년, 2025년 2~3분기 스프레드 음수) → 하한 취지에 맞게 큰 값 적용. 국채는 KASE 정부채 수익률지수(잔존 1~5년). 은행채 개별 거래 희소(Halyk KZT채 2025.4Q 거래 없음) → 회사채 지수 사용. 2026.4부터 BBB- 이상 회사채 지표(KASE_KZ3_Y, 듀레이션 약 2.7년) 제공 → 향후 대체 권고.
A13: 읽는 법
A14: • 권고 벤치마크 = 국채 3년(기준월 평균) + 최상위 은행채(회사채) 스프레드. 중국·일본은 은행채(회사채) 수익률과 같은 값, 베트남은 발행 희소로 스프레드를 분기 단위로 측정해 국채에 더함, 카자흐는 국채와 회사채지수 중 큰 값.
A15: • 세후 환산은 비교 대상 이익이 세후(당기순이익)일 때 사용. 법인세율(노란 셀)은 가정치이므로 각 법인 실효세율로 바꿔 쓰세요.
A16: • 2021~2026.6 추이는 「월별」, 「분기·연도별」 시트. 원자료는 각 일별 시트와 「VN_은행채발행」 시트(건별, 필터 사용 가능).
A17: • 색 구분: 파란 글씨 = 원자료/입력값, 초록 글씨 = 다른 시트 참조 수식, 검정 = 계산 수식, 노란 칸 = 기준월·핵심 결과·입력 가정.

Sheet 월별
A1: 월별 시계열 (2021.01 ~ 2026.06) – 국채 3Y · 최상위 은행채(회사채) 3Y · 스프레드 · 정책금리
A2: 수익률: 월중 영업일 단순평균(일별 시트 참조). 정책금리: 월말값. 스프레드 = 은행채(회사채) − 국채 (bp). 베트남 은행채 = 해당월 발행 선순위 고정금리 2~4년물 발행액 가중평균(발행 없는 달은 공란).
E3: 일본 (JPY) | J3: 중국 (CNY) | O3: 베트남 (VND) | V3: 카자흐스탄 (KZT)
A4: 월 | B4: 월말 | C4: 분기 | D4: 연도 | E4: 정책금리 (월말) | F4: JGB 3Y | G4: 회사채 R&I AA 잔존3Y | H4: 회사채 R&I AAA 잔존3Y(참고) | I4: 스프레드 AA−JGB | J4: LPR 1Y (월말) | K4: 국채 3Y | L4: 상업은행채 AAA 3Y | M4: MTN AAA 3Y (참고) | N4: 스프레드 은행AAA−국채 | O4: 재할인율 (월말) | P4: VGB 3Y | Q4: 은행채 발행금리 선순위고정2~4Y (가중) | R4: 발행 건수 | S4: 스프레드 (동일만기 국채대비, 가중) | T4: Big4 선순위 고정 발행금리 (가중) | U4: Big4 스프레드 | V4: 기준금리 (월말) | W4: 국채지수 1~5Y | X4: 국채 3Y (WGB,참고) | Y4: 회사채지수 KASE_BMY | Z4: BBB-이상 회사채 KASE_KZ3_Y | AA4: 스프레드 BMY−국채1~5Y | AB4: TONIA (월평균)
A5: 44197 | B5: =EOMONTH(A5,0) -> 44227 | C5: =YEAR(A5)&"Q"&ROUNDUP(MONTH(A5)/3,0) -> 2021Q1 | D5: =YEAR(A5) -> 2021 | E5: =LOOKUP($B5,정책금리_결정!$A$4:$A$70,정책금리_결정!$B$4:$B$70) -> -0.001 | F5: =IFERROR(AVERAGEIFS(JP_국채일별!$C$4:$C$1345,JP_국채일별!$A$4:$A$1345,">="&$A5,JP_국채일별!$A$4:$A$1345,"<="&$B5),"") -> -0.0012768421 | G5: =IFERROR(AVERAGEIFS(JP_등급별회사채!$D$4:$D$158,JP_등급별회사채!$A$4:$A$158,">="&$A5,JP_등급별회사채!$A$4:$A$158,"<="&$B5),"") -> 0.0013590909 | H5: =IFERROR(AVERAGEIFS(JP_등급별회사채!$B$4:$B$158,JP_등급별회사채!$A$4:$A$158,">="&$A5,JP_등급별회사채!$A$4:$A$158,"<="&$B5),"") -> 0.0014290909 | I5: =IF(OR(G5="",F5=""),"",(G5-F5)*10000) -> 26.35933 | J5: =LOOKUP($B5,정책금리_결정!$D$4:$D$70,정책금리_결정!$E$4:$E$70) -> 0.0385 | K5: =IFERROR(AVERAGEIFS(CN_일별!$B$4:$B$1372,CN_일별!$A$4:$A$1372,">="&$A5,CN_일별!$A$4:$A$1372,"<="&$B5),"") -> 0.02802725 | L5: =IFERROR(AVERAGEIFS(CN_일별!$C$4:$C$1372,CN_일별!$A$4:$A$1372,">="&$A5,CN_일별!$A$4:$A$1372,"<="&$B5),"") -> 0.03343065 | M5: =IFERROR(AVERAGEIFS(CN_일별!$D$4:$D$1372,CN_일별!$A$4:$A$1372,">="&$A5,CN_일별!$A$4:$A$1372,"<="&$B5),"") -> 0.0352797 | N5: =IF(OR(L5="",K5=""),"",(L5-K5)*10000) -> 54.034 | O5: =LOOKUP($B5,정책금리_결정!$G$4:$G$9,정책금리_결정!$H$4:$H$9) -> 0.04 | P5: =IFERROR(AVERAGEIFS(VN_국채일별!$D$4:$D$1436,VN_국채일별!$A$4:$A$1436,">="&$A5,VN_국채일별!$A$4:$A$1436,"<="&$B5),"") -> 0.0057809524 | Q5: =IFERROR(SUMIFS(VN_은행채발행!$T$4:$T$712,VN_은행채발행!$C$4:$C$712,$A5)/SUMIFS(VN_은행채발행!$I$4:$I$712,VN_은행채발행!$C$4:$C$712,$A5,VN_은행채발행!$S$4:$S$712,1),"") | R5: =COUNTIFS(VN_은행채발행!$C$4:$C$712,$A5,VN_은행채발행!$S$4:$S$712,1) -> 0 | S5: =IFERROR(SUMIFS(VN_은행채발행!$U$4:$U$712,VN_은행채발행!$C$4:$C$712,$A5)/SUMIFS(VN_은행채발행!$Y$4:$Y$712,VN_은행채발행!$C$4:$C$712,$A5),"") | T5: =IFERROR(SUMIFS(VN_은행채발행!$W$4:$W$712,VN_은행채발행!$C$4:$C$712,$A5)/SUMIFS(VN_은행채발행!$I$4:$I$712,VN_은행채발행!$C$4:$C$712,$A5,VN_은행채발행!$V$4:$V$712,1),"") | U5: =IFERROR(SUMIFS(VN_은행채발행!$X$4:$X$712,VN_은행채발행!$C$4:$C$712,$A5)/SUMIFS(VN_은행채발행!$Z$4:$Z$712,VN_은행채발행!$C$4:$C$712,$A5),"") | V5: =LOOKUP($B5,정책금리_결정!$J$4:$J$49,정책금리_결정!$K$4:$K$49) -> 0.09 | W5: =IFERROR(AVERAGEIFS(KZ_일별!$C$4:$C$1352,KZ_일별!$A$4:$A$1352,">="&$A5,KZ_일별!$A$4:$A$1352,"<="&$B5),"") | X5: =IFERROR(AVERAGEIFS(KZ_일별!$E$4:$E$1352,KZ_일별!$A$4:$A$1352,">="&$A5,KZ_일별!$A$4:$A$1352,"<="&$B5),"") | Y5: =IFERROR(AVERAGEIFS(KZ_일별!$F$4:$F$1352,KZ_일별!$A$4:$A$1352,">="&$A5,KZ_일별!$A$4:$A$1352,"<="&$B5),"") -> 0.10767222 | Z5: =IFERROR(AVERAGEIFS(KZ_일별!$G$4:$G$1352,KZ_일별!$A$4:$A$1352,">="&$A5,KZ_일별!$A$4:$A$1352,"<="&$B5),"") | AA5: =IF(OR(Y5="",W5=""),"",(Y5-W5)*10000) | AB5: =IFERROR(AVERAGEIFS(KZ_일별!$H$4:$H$1352,KZ_일별!$A$4:$A$1352,">="&$A5,KZ_일별!$A$4:$A$1352,"<="&$B5),"") -> 0.0822
A6: 44228 | B6: =EOMONTH(A6,0) -> 44255 | C6: =YEAR(A6)&"Q"&ROUNDUP(MONTH(A6)/3,0) -> 2021Q1 | D6: =YEAR(A6) -> 2021 | E6: =LOOKUP($B6,정책금리_결정!$A$4:$A$70,정책금리_결정!$B$4:$B$70) -> -0.001 | F6: =IFERROR(AVERAGEIFS(JP_국채일별!$C$4:$C$1345,JP_국채일별!$A$4:$A$1345,">="&$A6,JP_국채일별!$A$4:$A$1345,"<="&$B6),"") -> -0.001225 | G6: =IFERROR(AVERAGEIFS(JP_등급별회사채!$D$4:$D$158,JP_등급별회사채!$A$4:$A$158,">="&$A6,JP_등급별회사채!$A$4:$A$158,"<="&$B6),"") -> 0.0014 | H6: =IFERROR(AVERAGEIFS(JP_등급별회사채!$B$4:$B$158,JP_등급별회사채!$A$4:$A$158,">="&$A6,JP_등급별회사채!$A$4:$A$158,"<="&$B6),"") -> 0.001412 | I6: =IF(OR(G6="",F6=""),"",(G6-F6)*10000) -> 26.25 | J6: =LOOKUP($B6,정책금리_결정!$D$4:$D$70,정책금리_결정!$E$4:$E$70) -> 0.0385 | K6: =IFERROR(AVERAGEIFS(CN_일별!$B$4:$B$1372,CN_일별!$A$4:$A$1372,">="&$A6,CN_일별!$A$4:$A$1372,"<="&$B6),"") -> 0.028913588 | L6: =IFERROR(AVERAGEIFS(CN_일별!$C$4:$C$1372,CN_일별!$A$4:$A$1372,">="&$A6,CN_일별!$A$4:$A$1372,"<="&$B6),"") -> 0.034555294 | M6: =IFERROR(AVERAGEIFS(CN_일별!$D$4:$D$1372,CN_일별!$A$4:$A$1372,">="&$A6,CN_일별!$A$4:$A$1372,"<="&$B6),"") -> 0.037010529 | N6: =IF(OR(L6="",K6=""),"",(L6-K6)*10000) -> 56.417059 | O6: =LOOKUP($B6,정책금리_결정!$G$4:$G$9,정책금리_결정!$H$4:$H$9) -> 0.04 | P6: =IFERROR(AVERAGEIFS(VN_국채일별!$D$4:$D$1436,VN_국채일별!$A$4:$A$1436,">="&$A6,VN_국채일별!$A$4:$A$1436,"<="&$B6),"") -> 0.0068425 | Q6: =IFERROR(SUMIFS(VN_은행채발행!$T$4:$T$712,VN_은행채발행!$C$4:$C$712,$A6)/SUMIFS(VN_은행채발행!$I$4:$I$712,VN_은행채발행!$C$4:$C$712,$A6,VN_은행채발행!$S$4:$S$712,1),"") | R6: =COUNTIFS(VN_은행채발행!$C$4:$C$712,$A6,VN_은행채발행!$S$4:$S$712,1) -> 0 | S6: =IFERROR(SUMIFS(VN_은행채발행!$U$4:$U$712,VN_은행채발행!$C$4:$C$712,$A6)/SUMIFS(VN_은행채발행!$Y$4:$Y$712,VN_은행채발행!$C$4:$C$712,$A6),"") | T6: =IFERROR(SUMIFS(VN_은행채발행!$W$4:$W$712,VN_은행채발행!$C$4:$C$712,$A6)/SUMIFS(VN_은행채발행!$I$4:$I$712,VN_은행채발행!$C$4:$C$712,$A6,VN_은행채발행!$V$4:$V$712,1),"") | U6: =IFERROR(SUMIFS(VN_은행채발행!$X$4:$X$712,VN_은행채발행!$C$4:$C$712,$A6)/SUMIFS(VN_은행채발행!$Z$4:$Z$712,VN_은행채발행!$C$4:$C$712,$A6),"") | V6: =LOOKUP($B6,정책금리_결정!$J$4:$J$49,정책금리_결정!$K$4:$K$49) -> 0.09 | W6: =IFERROR(AVERAGEIFS(KZ_일별!$C$4:$C$1352,KZ_일별!$A$4:$A$1352,">="&$A6,KZ_일별!$A$4:$A$1352,"<="&$B6),"") | X6: =IFERROR(AVERAGEIFS(KZ_일별!$E$4:$E$1352,KZ_일별!$A$4:$A$1352,">="&$A6,KZ_일별!$A$4:$A$1352,"<="&$B6),"") | Y6: =IFERROR(AVERAGEIFS(KZ_일별!$F$4:$F$1352,KZ_일별!$A$4:$A$1352,">="&$A6,KZ_일별!$A$4:$A$1352,"<="&$B6),"") -> 0.107155 | Z6: =IFERROR(AVERAGEIFS(KZ_일별!$G$4:$G$1352,KZ_일별!$A$4:$A$1352,">="&$A6,KZ_일별!$A$4:$A$1352,"<="&$B6),"") | AA6: =IF(OR(Y6="",W6=""),"",(Y6-W6)*10000) | AB6: =IFERROR(AVERAGEIFS(KZ_일별!$H$4:$H$1352,KZ_일별!$A$4:$A$1352,">="&$A6,KZ_일별!$A$4:$A$1352,"<="&$B6),"") -> 0.08711
A7: 44256 | B7: =EOMONTH(A7,0) -> 44286 | C7: =YEAR(A7)&"Q"&ROUNDUP(MONTH(A7)/3,0) -> 2021Q1 | D7: =YEAR(A7) -> 2021 | E7: =LOOKUP($B7,정책금리_결정!$A$4:$A$70,정책금리_결정!$B$4:$B$70) -> -0.001 | F7: =IFERROR(AVERAGEIFS(JP_국채일별!$C$4:$C$1345,JP_국채일별!$A$4:$A$1345,">="&$A7,JP_국채일별!$A$4:$A$1345,"<="&$B7),"") -> -0.00128 | G7: =IFERROR(AVERAGEIFS(JP_등급별회사채!$D$4:$D$158,JP_등급별회사채!$A$4:$A$158,">="&$A7,JP_등급별회사채!$A$4:$A$158,"<="&$B7),"") -> 0.001355 | H7: =IFERROR(AVERAGEIFS(JP_등급별회사채!$B$4:$B$158,JP_등급별회사채!$A$4:$A$158,">="&$A7,JP_등급별회사채!$A$4:$A$158,"<="&$B7),"") -> 0.0012125 | I7: =IF(OR(G7="",F7=""),"",(G7-F7)*10000) -> 26.35 | J7: =LOOKUP($B7,정책금리_결정!$D$4:$D$70,정책금리_결정!$E$4:$E$70) -> 0.0385 | K7: =IFERROR(AVERAGEIFS(CN_일별!$B$4:$B$1372,CN_일별!$A$4:$A$1372,">="&$A7,CN_일별!$A$4:$A$1372,"<="&$B7),"") -> 0.029181 | L7: =IFERROR(AVERAGEIFS(CN_일별!$C$4:$C$1372,CN_일별!$A$4:$A$1372,">="&$A7,CN_일별!$A$4:$A$1372,"<="&$B7),"") -> 0.034136304 | M7: =IFERROR(AVERAGEIFS(CN_일별!$D$4:$D$1372,CN_일별!$A$4:$A$1372,">="&$A7,CN_일별!$A$4:$A$1372,"<="&$B7),"") -> 0.036314522 | N7: =IF(OR(L7="",K7=""),"",(L7-K7)*10000) -> 49.553043 | O7: =LOOKUP($B7,정책금리_결정!$G$4:$G$9,정책금리_결정!$H$4:$H$9) -> 0.04 | P7: =IFERROR(AVERAGEIFS(VN_국채일별!$D$4:$D$1436,VN_국채일별!$A$4:$A$1436,">="&$A7,VN_국채일별!$A$4:$A$1436,"<="&$B7),"") -> 0.0062995652 | Q7: =IFERROR(SUMIFS(VN_은행채발행!$T$4:$T$712,VN_은행채발행!$C$4:$C$712,$A7)/SUMIFS(VN_은행채발행!$I$4:$I$712,VN_은행채발행!$C$4:$C$712,$A7,VN_은행채발행!$S$4:$S$712,1),"") | R7: =COUNTIFS(VN_은행채발행!$C$4:$C$712,$A7,VN_은행채발행!$S$4:$S$712,1) -> 0 | S7: =IFERROR(SUMIFS(VN_은행채발행!$U$4:$U$712,VN_은행채발행!$C$4:$C$712,$A7)/SUMIFS(VN_은행채발행!$Y$4:$Y$712,VN_은행채발행!$C$4:$C$712,$A7),"") | T7: =IFERROR(SUMIFS(VN_은행채발행!$W$4:$W$712,VN_은행채발행!$C$4:$C$712,$A7)/SUMIFS(VN_은행채발행!$I$4:$I$712,VN_은행채발행!$C$4:$C$712,$A7,VN_은행채발행!$V$4:$V$712,1),"") | U7: =IFERROR(SUMIFS(VN_은행채발행!$X$4:$X$712,VN_은행채발행!$C$4:$C$712,$A7)/SUMIFS(VN_은행채발행!$Z$4:$Z$712,VN_은행채발행!$C$4:$C$712,$A7),"") | V7: =LOOKUP($B7,정책금리_결정!$J$4:$J$49,정책금리_결정!$K$4:$K$49) -> 0.09 | W7: =IFERROR(AVERAGEIFS(KZ_일별!$C$4:$C$1352,KZ_일별!$A$4:$A$1352,">="&$A7,KZ_일별!$A$4:$A$1352,"<="&$B7),"") | X7: =IFERROR(AVERAGEIFS(KZ_일별!$E$4:$E$1352,KZ_일별!$A$4:$A$1352,">="&$A7,KZ_일별!$A$4:$A$1352,"<="&$B7),"") | Y7: =IFERROR(AVERAGEIFS(KZ_일별!$F$4:$F$1352,KZ_일별!$A$4:$A$1352,">="&$A7,KZ_일별!$A$4:$A$1352,"<="&$B7),"") -> 0.10643684 | Z7: =IFERROR(AVERAGEIFS(KZ_일별!$G$4:$G$1352,KZ_일별!$A$4:$A$1352,">="&$A7,KZ_일별!$A$4:$A$1352,"<="&$B7),"") | AA7: =IF(OR(Y7="",W7=""),"",(Y7-W7)*10000) | AB7: =IFERROR(AVERAGEIFS(KZ_일별!$H$4:$H$1352,KZ_일별!$A$4:$A$1352,">="&$A7,KZ_일별!$A$4:$A$1352,"<="&$B7),"") -> 0.091742105
A8: 44287 | B8: =EOMONTH(A8,0) -> 44316 | C8: =YEAR(A8)&"Q"&ROUNDUP(MONTH(A8)/3,0) -> 2021Q2 | D8: =YEAR(A8) -> 2021 | E8: =LOOKUP($B8,정책금리_결정!$A$4:$A$70,정책금리_결정!$B$4:$B$70) -> -0.001 | F8: =IFERROR(AVERAGEIFS(JP_국채일별!$C$4:$C$1345,JP_국채일별!$A$4:$A$1345,">="&$A8,JP_국채일별!$A$4:$A$1345,"<="&$B8),"") -> -0.001362381 | G8: =IFERROR(AVERAGEIFS(JP_등급별회사채!$D$4:$D$158,JP_등급별회사채!$A$4:$A$158,">="&$A8,JP_등급별회사채!$A$4:$A$158,"<="&$B8),"") -> 0.0012475 | H8: =IFERROR(AVERAGEIFS(JP_등급별회사채!$B$4:$B$158,JP_등급별회사채!$A$4:$A$158,">="&$A8,JP_등급별회사채!$A$4:$A$158,"<="&$B8),"") -> 0.0008825 | I8: =IF(OR(G8="",F8=""),"",(G8-F8)*10000) -> 26.09881 | J8: =LOOKUP($B8,정책금리_결정!$D$4:$D$70,정책금리_결정!$E$4:$E$70) -> 0.0385 | K8: =IFERROR(AVERAGEIFS(CN_일별!$B$4:$B$1372,CN_일별!$A$4:$A$1372,">="&$A8,CN_일별!$A$4:$A$1372,"<="&$B8),"") -> 0.028149818 | L8: =IFERROR(AVERAGEIFS(CN_일별!$C$4:$C$1372,CN_일별!$A$4:$A$1372,">="&$A8,CN_일별!$A$4:$A$1372,"<="&$B8),"") -> 0.033620636 | M8: =IFERROR(AVERAGEIFS(CN_일별!$D$4:$D$1372,CN_일별!$A$4:$A$1372,">="&$A8,CN_일별!$A$4:$A$1372,"<="&$B8),"") -> 0.035172318 | N8: =IF(OR(L8="",K8=""),"",(L8-K8)*10000) -> 54.708182 | O8: =LOOKUP($B8,정책금리_결정!$G$4:$G$9,정책금리_결정!$H$4:$H$9) -> 0.04 | P8: =IFERROR(AVERAGEIFS(VN_국채일별!$D$4:$D$1436,VN_국채일별!$A$4:$A$1436,">="&$A8,VN_국채일별!$A$4:$A$1436,"<="&$B8),"") -> 0.0062495455 | Q8: =IFERROR(SUMIFS(VN_은행채발행!$T$4:$T$712,VN_은행채발행!$C$4:$C$712,$A8)/SUMIFS(VN_은행채발행!$I$4:$I$712,VN_은행채발행!$C$4:$C$712,$A8,VN_은행채발행!$S$4:$S$712,1),"") | R8: =COUNTIFS(VN_은행채발행!$C$4:$C$712,$A8,VN_은행채발행!$S$4:$S$712,1) -> 0 | S8: =IFERROR(SUMIFS(VN_은행채발행!$U$4:$U$712,VN_은행채발행!$C$4:$C$712,$A8)/SUMIFS(VN_은행채발행!$Y$4:$Y$712,VN_은행채발행!$C$4:$C$712,$A8),"") | T8: =IFERROR(SUMIFS(VN_은행채발행!$W$4:$W$712,VN_은행채발행!$C$4:$C$712,$A8)/SUMIFS(VN_은행채발행!$I$4:$I$712,VN_은행채발행!$C$4:$C$712,$A8,VN_은행채발행!$V$4:$V$712,1),"") | U8: =IFERROR(SUMIFS(VN_은행채발행!$X$4:$X$712,VN_은행채발행!$C$4:$C$712,$A8)/SUMIFS(VN_은행채발행!$Z$4:$Z$712,VN_은행채발행!$C$4:$C$712,$A8),"") | V8: =LOOKUP($B8,정책금리_결정!$J$4:$J$49,정책금리_결정!$K$4:$K$49) -> 0.09 | W8: =IFERROR(AVERAGEIFS(KZ_일별!$C$4:$C$1352,KZ_일별!$A$4:$A$1352,">="&$A8,KZ_일별!$A$4:$A$1352,"<="&$B8),"") | X8: =IFERROR(AVERAGEIFS(KZ_일별!$E$4:$E$1352,KZ_일별!$A$4:$A$1352,">="&$A8,KZ_일별!$A$4:$A$1352,"<="&$B8),"") | Y8: =IFERROR(AVERAGEIFS(KZ_일별!$F$4:$F$1352,KZ_일별!$A$4:$A$1352,">="&$A8,KZ_일별!$A$4:$A$1352,"<="&$B8),"") -> 0.10620909 | Z8: =IFERROR(AVERAGEIFS(KZ_일별!$G$4:$G$1352,KZ_일별!$A$4:$A$1352,">="&$A8,KZ_일별!$A$4:$A$1352,"<="&$B8),"") | AA8: =IF(OR(Y8="",W8=""),"",(Y8-W8)*10000) | AB8: =IFERROR(AVERAGEIFS(KZ_일별!$H$4:$H$1352,KZ_일별!$A$4:$A$1352,">="&$A8,KZ_일별!$A$4:$A$1352,"<="&$B8),"") -> 0.086968182
A9: 44317 | B9: =EOMONTH(A9,0) -> 44347 | C9: =YEAR(A9)&"Q"&ROUNDUP(MONTH(A9)/3,0) -> 2021Q2 | D9: =YEAR(A9) -> 2021 | E9: =LOOKUP($B9,정책금리_결정!$A$4:$A$70,정책금리_결정!$B$4:$B$70) -> -0.001 | F9: =IFERROR(AVERAGEIFS(JP_국채일별!$C$4:$C$1345,JP_국채일별!$A$4:$A$1345,">="&$A9,JP_국채일별!$A$4:$A$1345,"<="&$B9),"") -> -0.001345 | G9: =IFERROR(AVERAGEIFS(JP_등급별회사채!$D$4:$D$158,JP_등급별회사채!$A$4:$A$158,">="&$A9,JP_등급별회사채!$A$4:$A$158,"<="&$B9),"") -> 0.001245 | H9: =IFERROR(AVERAGEIFS(JP_등급별회사채!$B$4:$B$158,JP_등급별회사채!$A$4:$A$158,">="&$A9,JP_등급별회사채!$A$4:$A$158,"<="&$B9),"") -> 0.0008125 | I9: =IF(OR(G9="",F9=""),"",(G9-F9)*10000) -> 25.9 | J9: =LOOKUP($B9,정책금리_결정!$D$4:$D$70,정책금리_결정!$E$4:$E$70) -> 0.0385 | K9: =IFERROR(AVERAGEIFS(CN_일별!$B$4:$B$1372,CN_일별!$A$4:$A$1372,">="&$A9,CN_일별!$A$4:$A$1372,"<="&$B9),"") -> 0.027420316 | L9: =IFERROR(AVERAGEIFS(CN_일별!$C$4:$C$1372,CN_일별!$A$4:$A$1372,">="&$A9,CN_일별!$A$4:$A$1372,"<="&$B9),"") -> 0.032263684 | M9: =IFERROR(AVERAGEIFS(CN_일별!$D$4:$D$1372,CN_일별!$A$4:$A$1372,">="&$A9,CN_일별!$A$4:$A$1372,"<="&$B9),"") -> 0.034229421 | N9: =IF(OR(L9="",K9=""),"",(L9-K9)*10000) -> 48.433684 | O9: =LOOKUP($B9,정책금리_결정!$G$4:$G$9,정책금리_결정!$H$4:$H$9) -> 0.04 | P9: =IFERROR(AVERAGEIFS(VN_국채일별!$D$4:$D$1436,VN_국채일별!$A$4:$A$1436,">="&$A9,VN_국채일별!$A$4:$A$1436,"<="&$B9),"") -> 0.007412381 | Q9: =IFERROR(SUMIFS(VN_은행채발행!$T$4:$T$712,VN_은행채발행!$C$4:$C$712,$A9)/SUMIFS(VN_은행채발행!$I$4:$I$712,VN_은행채발행!$C$4:$C$712,$A9,VN_은행채발행!$S$4:$S$712,1),"") | R9: =COUNTIFS(VN_은행채발행!$C$4:$C$712,$A9,VN_은행채발행!$S$4:$S$712,1) -> 0 | S9: =IFERROR(SUMIFS(VN_은행채발행!$U$4:$U$712,VN_은행채발행!$C$4:$C$712,$A9)/SUMIFS(VN_은행채발행!$Y$4:$Y$712,VN_은행채발행!$C$4:$C$712,$A9),"") | T9: =IFERROR(SUMIFS(VN_은행채발행!$W$4:$W$712,VN_은행채발행!$C$4:$C$712,$A9)/SUMIFS(VN_은행채발행!$I$4:$I$712,VN_은행채발행!$C$4:$C$712,$A9,VN_은행채발행!$V$4:$V$712,1),"") | U9: =IFERROR(SUMIFS(VN_은행채발행!$X$4:$X$712,VN_은행채발행!$C$4:$C$712,$A9)/SUMIFS(VN_은행채발행!$Z$4:$Z$712,VN_은행채발행!$C$4:$C$712,$A9),"") | V9: =LOOKUP($B9,정책금리_결정!$J$4:$J$49,정책금리_결정!$K$4:$K$49) -> 0.09 | W9: =IFERROR(AVERAGEIFS(KZ_일별!$C$4:$C$1352,KZ_일별!$A$4:$A$1352,">="&$A9,KZ_일별!$A$4:$A$1352,"<="&$B9),"") | X9: =IFERROR(AVERAGEIFS(KZ_일별!$E$4:$E$1352,KZ_일별!$A$4:$A$1352,">="&$A9,KZ_일별!$A$4:$A$1352,"<="&$B9),"") | Y9: =IFERROR(AVERAGEIFS(KZ_일별!$F$4:$F$1352,KZ_일별!$A$4:$A$1352,">="&$A9,KZ_일별!$A$4:$A$1352,"<="&$B9),"") -> 0.10557222 | Z9: =IFERROR(AVERAGEIFS(KZ_일별!$G$4:$G$1352,KZ_일별!$A$4:$A$1352,">="&$A9,KZ_일별!$A$4:$A$1352,"<="&$B9),"") | AA9: =IF(OR(Y9="",W9=""),"",(Y9-W9)*10000) | AB9: =IFERROR(AVERAGEIFS(KZ_일별!$H$4:$H$1352,KZ_일별!$A$4:$A$1352,">="&$A9,KZ_일별!$A$4:$A$1352,"<="&$B9),"") -> 0.081172222
A10: 44348 | B10: =EOMONTH(A10,0) -> 44377 | C10: =YEAR(A10)&"Q"&ROUNDUP(MONTH(A10)/3,0) -> 2021Q2 | D10: =YEAR(A10) -> 2021 | E10: =LOOKUP($B10,정책금리_결정!$A$4:$A$70,정책금리_결정!$B$4:$B$70) -> -0.001 | F10: =IFERROR(AVERAGEIFS(JP_국채일별!$C$4:$C$1345,JP_국채일별!$A$4:$A$1345,">="&$A10,JP_국채일별!$A$4:$A$1345,"<="&$B10),"") -> -0.0013027273 | G10: =IFERROR(AVERAGEIFS(JP_등급별회사채!$D$4:$D$158,JP_등급별회사채!$A$4:$A$158,">="&$A10,JP_등급별회사채!$A$4:$A$158,"<="&$B10),"") -> 0.0011775 | H10: =IFERROR(AVERAGEIFS(JP_등급별회사채!$B$4:$B$158,JP_등급별회사채!$A$4:$A$158,">="&$A10,JP_등급별회사채!$A$4:$A$158,"<="&$B10),"") -> 0.00071 | I10: =IF(OR(G10="",F10=""),"",(G10-F10)*10000) -> 24.802273 | J10: =LOOKUP($B10,정책금리_결정!$D$4:$D$70,정책금리_결정!$E$4:$E$70) -> 0.0385 | K10: =IFERROR(AVERAGEIFS(CN_일별!$B$4:$B$1372,CN_일별!$A$4:$A$1372,">="&$A10,CN_일별!$A$4:$A$1372,"<="&$B10),"") -> 0.028086667 | L10: =IFERROR(AVERAGEIFS(CN_일별!$C$4:$C$1372,CN_일별!$A$4:$A$1372,">="&$A10,CN_일별!$A$4:$A$1372,"<="&$B10),"") -> 0.032251238 | M10: =IFERROR(AVERAGEIFS(CN_일별!$D$4:$D$1372,CN_일별!$A$4:$A$1372,">="&$A10,CN_일별!$A$4:$A$1372,"<="&$B10),"") -> 0.034437857 | N10: =IF(OR(L10="",K10=""),"",(L10-K10)*10000) -> 41.645714 | O10: =LOOKUP($B10,정책금리_결정!$G$4:$G$9,정책금리_결정!$H$4:$H$9) -> 0.04 | P10: =IFERROR(AVERAGEIFS(VN_국채일별!$D$4:$D$1436,VN_국채일별!$A$4:$A$1436,">="&$A10,VN_국채일별!$A$4:$A$1436,"<="&$B10),"") -> 0.0081159091 | Q10: =IFERROR(SUMIFS(VN_은행채발행!$T$4:$T$712,VN_은행채발행!$C$4:$C$712,$A10)/SUMIFS(VN_은행채발행!$I$4:$I$712,VN_은행채발행!$C$4:$C$712,$A10,VN_은행채발행!$S$4:$S$712,1),"") | R10: =COUNTIFS(VN_은행채발행!$C$4:$C$712,$A10,VN_은행채발행!$S$4:$S$712,1) -> 0 | S10: =IFERROR(SUMIFS(VN_은행채발행!$U$4:$U$712,VN_은행채발행!$C$4:$C$712,$A10)/SUMIFS(VN_은행채발행!$Y$4:$Y$712,VN_은행채발행!$C$4:$C$712,$A10),"") | T10: =IFERROR(SUMIFS(VN_은행채발행!$W$4:$W$712,VN_은행채발행!$C$4:$C$712,$A10)/SUMIFS(VN_은행채발행!$I$4:$I$712,VN_은행채발행!$C$4:$C$712,$A10,VN_은행채발행!$V$4:$V$712,1),"") | U10: =IFERROR(SUMIFS(VN_은행채발행!$X$4:$X$712,VN_은행채발행!$C$4:$C$712,$A10)/SUMIFS(VN_은행채발행!$Z$4:$Z$712,VN_은행채발행!$C$4:$C$712,$A10),"") | V10: =LOOKUP($B10,정책금리_결정!$J$4:$J$49,정책금리_결정!$K$4:$K$49) -> 0.09 | W10: =IFERROR(AVERAGEIFS(KZ_일별!$C$4:$C$1352,KZ_일별!$A$4:$A$1352,">="&$A10,KZ_일별!$A$4:$A$1352,"<="&$B10),"") | X10: =IFERROR(AVERAGEIFS(KZ_일별!$E$4:$E$1352,KZ_일별!$A$4:$A$1352,">="&$A10,KZ_일별!$A$4:$A$1352,"<="&$B10),"") | Y10: =IFERROR(AVERAGEIFS(KZ_일별!$F$4:$F$1352,KZ_일별!$A$4:$A$1352,">="&$A10,KZ_일별!$A$4:$A$1352,"<="&$B10),"") -> 0.10521818 | Z10: =IFERROR(AVERAGEIFS(KZ_일별!$G$4:$G$1352,KZ_일별!$A$4:$A$1352,">="&$A10,KZ_일별!$A$4:$A$1352,"<="&$B10),"") | AA10: =IF(OR(Y10="",W10=""),"",(Y10-W10)*10000) | AB10: =IFERROR(AVERAGEIFS(KZ_일별!$H$4:$H$1352,KZ_일별!$A$4:$A$1352,">="&$A10,KZ_일별!$A$4:$A$1352,"<="&$B10),"") -> 0.083413636
A11: 44378 | B11: =EOMONTH(A11,0) -> 44408 | C11: =YEAR(A11)&"Q"&ROUNDUP(MONTH(A11)/3,0) -> 2021Q3 | D11: =YEAR(A11) -> 2021 | E11: =LOOKUP($B11,정책금리_결정!$A$4:$A$70,정책금리_결정!$B$4:$B$70) -> -0.001 | F11: =IFERROR(AVERAGEIFS(JP_국채일별!$C$4:$C$1345,JP_국채일별!$A$4:$A$1345,">="&$A11,JP_국채일별!$A$4:$A$1345,"<="&$B11),"") -> -0.0013825 | G11: =IFERROR(AVERAGEIFS(JP_등급별회사채!$D$4:$D$158,JP_등급별회사채!$A$4:$A$158,">="&$A11,JP_등급별회사채!$A$4:$A$158,"<="&$B11),"") -> 0.00106 | H11: =IFERROR(AVERAGEIFS(JP_등급별회사채!$B$4:$B$158,JP_등급별회사채!$A$4:$A$158,">="&$A11,JP_등급별회사채!$A$4:$A$158,"<="&$B11),"") -> 0.0006375 | I11: =IF(OR(G11="",F11=""),"",(G11-F11)*10000) -> 24.425 | J11: =LOOKUP($B11,정책금리_결정!$D$4:$D$70,정책금리_결정!$E$4:$E$70) -> 0.0385 | K11: =IFERROR(AVERAGEIFS(CN_일별!$B$4:$B$1372,CN_일별!$A$4:$A$1372,">="&$A11,CN_일별!$A$4:$A$1372,"<="&$B11),"") -> 0.026499909 | L11: =IFERROR(AVERAGEIFS(CN_일별!$C$4:$C$1372,CN_일별!$A$4:$A$1372,">="&$A11,CN_일별!$A$4:$A$1372,"<="&$B11),"") -> 0.030136364 | M11: =IFERROR(AVERAGEIFS(CN_일별!$D$4:$D$1372,CN_일별!$A$4:$A$1372,">="&$A11,CN_일별!$A$4:$A$1372,"<="&$B11),"") -> 0.032058818 | N11: =IF(OR(L11="",K11=""),"",(L11-K11)*10000) -> 36.364545 | O11: =LOOKUP($B11,정책금리_결정!$G$4:$G$9,정책금리_결정!$H$4:$H$9) -> 0.04 | P11: =IFERROR(AVERAGEIFS(VN_국채일별!$D$4:$D$1436,VN_국채일별!$A$4:$A$1436,">="&$A11,VN_국채일별!$A$4:$A$1436,"<="&$B11),"") -> 0.0078181818 | Q11: =IFERROR(SUMIFS(VN_은행채발행!$T$4:$T$712,VN_은행채발행!$C$4:$C$712,$A11)/SUMIFS(VN_은행채발행!$I$4:$I$712,VN_은행채발행!$C$4:$C$712,$A11,VN_은행채발행!$S$4:$S$712,1),"") | R11: =COUNTIFS(VN_은행채발행!$C$4:$C$712,$A11,VN_은행채발행!$S$4:$S$712,1) -> 0 | S11: =IFERROR(SUMIFS(VN_은행채발행!$U$4:$U$712,VN_은행채발행!$C$4:$C$712,$A11)/SUMIFS(VN_은행채발행!$Y$4:$Y$712,VN_은행채발행!$C$4:$C$712,$A11),"") | T11: =IFERROR(SUMIFS(VN_은행채발행!$W$4:$W$712,VN_은행채발행!$C$4:$C$712,$A11)/SUMIFS(VN_은행채발행!$I$4:$I$712,VN_은행채발행!$C$4:$C$712,$A11,VN_은행채발행!$V$4:$V$712,1),"") | U11: =IFERROR(SUMIFS(VN_은행채발행!$X$4:$X$712,VN_은행채발행!$C$4:$C$712,$A11)/SUMIFS(VN_은행채발행!$Z$4:$Z$712,VN_은행채발행!$C$4:$C$712,$A11),"") | V11: =LOOKUP($B11,정책금리_결정!$J$4:$J$49,정책금리_결정!$K$4:$K$49) -> 0.0925 | W11: =IFERROR(AVERAGEIFS(KZ_일별!$C$4:$C$1352,KZ_일별!$A$4:$A$1352,">="&$A11,KZ_일별!$A$4:$A$1352,"<="&$B11),"") | X11: =IFERROR(AVERAGEIFS(KZ_일별!$E$4:$E$1352,KZ_일별!$A$4:$A$1352,">="&$A11,KZ_일별!$A$4:$A$1352,"<="&$B11),"") | Y11: =IFERROR(AVERAGEIFS(KZ_일별!$F$4:$F$1352,KZ_일별!$A$4:$A$1352,">="&$A11,KZ_일별!$A$4:$A$1352,"<="&$B11),"") -> 0.10438 | Z11: =IFERROR(AVERAGEIFS(KZ_일별!$G$4:$G$1352,KZ_일별!$A$4:$A$1352,">="&$A11,KZ_일별!$A$4:$A$1352,"<="&$B11),"") | AA11: =IF(OR(Y11="",W11=""),"",(Y11-W11)*10000) | AB11: =IFERROR(AVERAGEIFS(KZ_일별!$H$4:$H$1352,KZ_일별!$A$4:$A$1352,">="&$A11,KZ_일별!$A$4:$A$1352,"<="&$B11),"") -> 0.08439
A12: 44409 | B12: =EOMONTH(A12,0) -> 44439 | C12: =YEAR(A12)&"Q"&ROUNDUP(MONTH(A12)/3,0) -> 2021Q3 | D12: =YEAR(A12) -> 2021 | E12: =LOOKUP($B12,정책금리_결정!$A$4:$A$70,정책금리_결정!$B$4:$B$70) -> -0.001 | F12: =IFERROR(AVERAGEIFS(JP_국채일별!$C$4:$C$1345,JP_국채일별!$A$4:$A$1345,">="&$A12,JP_국채일별!$A$4:$A$1345,"<="&$B12),"") -> -0.0013604762 | G12: =IFERROR(AVERAGEIFS(JP_등급별회사채!$D$4:$D$158,JP_등급별회사채!$A$4:$A$158,">="&$A12,JP_등급별회사채!$A$4:$A$158,"<="&$B12),"") -> 0.0010675 | H12: =IFERROR(AVERAGEIFS(JP_등급별회사채!$B$4:$B$158,JP_등급별회사채!$A$4:$A$158,">="&$A12,JP_등급별회사채!$A$4:$A$158,"<="&$B12),"") -> 0.000645 | I12: =IF(OR(G12="",F12=""),"",(G12-F12)*10000) -> 24.279762 | J12: =LOOKUP($B12,정책금리_결정!$D$4:$D$70,정책금리_결정!$E$4:$E$70) -> 0.0385 | K12: =IFERROR(AVERAGEIFS(CN_일별!$B$4:$B$1372,CN_일별!$A$4:$A$1372,">="&$A12,CN_일별!$A$4:$A$1372,"<="&$B12),"") -> 0.025689773 | L12: =IFERROR(AVERAGEIFS(CN_일별!$C$4:$C$1372,CN_일별!$A$4:$A$1372,">="&$A12,CN_일별!$A$4:$A$1372,"<="&$B12),"") -> 0.029205773 | M12: =IFERROR(AVERAGEIFS(CN_일별!$D$4:$D$1372,CN_일별!$A$4:$A$1372,">="&$A12,CN_일별!$A$4:$A$1372,"<="&$B12),"") -> 0.030648409 | N12: =IF(OR(L12="",K12=""),"",(L12-K12)*10000) -> 35.16 | O12: =LOOKUP($B12,정책금리_결정!$G$4:$G$9,정책금리_결정!$H$4:$H$9) -> 0.04 | P12: =IFERROR(AVERAGEIFS(VN_국채일별!$D$4:$D$1436,VN_국채일별!$A$4:$A$1436,">="&$A12,VN_국채일별!$A$4:$A$1436,"<="&$B12),"") -> 0.0069031818 | Q12: =IFERROR(SUMIFS(VN_은행채발행!$T$4:$T$712,VN_은행채발행!$C$4:$C$712,$A12)/SUMIFS(VN_은행채발행!$I$4:$I$712,VN_은행채발행!$C$4:$C$712,$A12,VN_은행채발행!$S$4:$S$712,1),"") -> 0.038026964 | R12: =COUNTIFS(VN_은행채발행!$C$4:$C$712,$A12,VN_은행채발행!$S$4:$S$712,1) -> 10 | S12: =IFERROR(SUMIFS(VN_은행채발행!$U$4:$U$712,VN_은행채발행!$C$4:$C$712,$A12)/SUMIFS(VN_은행채발행!$Y$4:$Y$712,VN_은행채발행!$C$4:$C$712,$A12),"") -> 314.39144 | T12: =IFERROR(SUMIFS(VN_은행채발행!$W$4:$W$712,VN_은행채발행!$C$4:$C$712,$A12)/SUMIFS(VN_은행채발행!$I$4:$I$712,VN_은행채발행!$C$4:$C$712,$A12,VN_은행채발행!$V$4:$V$712,1),"") | U12: =IFERROR(SUMIFS(VN_은행채발행!$X$4:$X$712,VN_은행채발행!$C$4:$C$712,$A12)/SUMIFS(VN_은행채발행!$Z$4:$Z$712,VN_은행채발행!$C$4:$C$712,$A12),"") | V12: =LOOKUP($B12,정책금리_결정!$J$4:$J$49,정책금리_결정!$K$4:$K$49) -> 0.0925 | W12: =IFERROR(AVERAGEIFS(KZ_일별!$C$4:$C$1352,KZ_일별!$A$4:$A$1352,">="&$A12,KZ_일별!$A$4:$A$1352,"<="&$B12),"") | X12: =IFERROR(AVERAGEIFS(KZ_일별!$E$4:$E$1352,KZ_일별!$A$4:$A$1352,">="&$A12,KZ_일별!$A$4:$A$1352,"<="&$B12),"") | Y12: =IFERROR(AVERAGEIFS(KZ_일별!$F$4:$F$1352,KZ_일별!$A$4:$A$1352,">="&$A12,KZ_일별!$A$4:$A$1352,"<="&$B12),"") -> 0.10290952 | Z12: =IFERROR(AVERAGEIFS(KZ_일별!$G$4:$G$1352,KZ_일별!$A$4:$A$1352,">="&$A12,KZ_일별!$A$4:$A$1352,"<="&$B12),"") | AA12: =IF(OR(Y12="",W12=""),"",(Y12-W12)*10000) | AB12: =IFERROR(AVERAGEIFS(KZ_일별!$H$4:$H$1352,KZ_일별!$A$4:$A$1352,">="&$A12,KZ_일별!$A$4:$A$1352,"<="&$B12),"") -> 0.09012381
A13: 44440 | B13: =EOMONTH(A13,0) -> 44469 | C13: =YEAR(A13)&"Q"&ROUNDUP(MONTH(A13)/3,0) -> 2021Q3 | D13: =YEAR(A13) -> 2021 | E13: =LOOKUP($B13,정책금리_결정!$A$4:$A$70,정책금리_결정!$B$4:$B$70) -> -0.001 | F13: =IFERROR(AVERAGEIFS(JP_국채일별!$C$4:$C$1345,JP_국채일별!$A$4:$A$1345,">="&$A13,JP_국채일별!$A$4:$A$1345,"<="&$B13),"") -> -0.001211 | G13: =IFERROR(AVERAGEIFS(JP_등급별회사채!$D$4:$D$158,JP_등급별회사채!$A$4:$A$158,">="&$A13,JP_등급별회사채!$A$4:$A$158,"<="&$B13),"") -> 0.001135 | H13: =IFERROR(AVERAGEIFS(JP_등급별회사채!$B$4:$B$158,JP_등급별회사채!$A$4:$A$158,">="&$A13,JP_등급별회사채!$A$4:$A$158,"<="&$B13),"") -> 0.0007575 | I13: =IF(OR(G13="",F13=""),"",(G13-F13)*10000) -> 23.46 | J13: =LOOKUP($B13,정책금리_결정!$D$4:$D$70,정책금리_결정!$E$4:$E$70) -> 0.0385 | K13: =IFERROR(AVERAGEIFS(CN_일별!$B$4:$B$1372,CN_일별!$A$4:$A$1372,">="&$A13,CN_일별!$A$4:$A$1372,"<="&$B13),"") -> 0.025567818 | L13: =IFERROR(AVERAGEIFS(CN_일별!$C$4:$C$1372,CN_일별!$A$4:$A$1372,">="&$A13,CN_일별!$A$4:$A$1372,"<="&$B13),"") -> 0.029640045 | M13: =IFERROR(AVERAGEIFS(CN_일별!$D$4:$D$1372,CN_일별!$A$4:$A$1372,">="&$A13,CN_일별!$A$4:$A$1372,"<="&$B13),"") -> 0.031198182 | N13: =IF(OR(L13="",K13=""),"",(L13-K13)*10000) -> 40.722273 | O13: =LOOKUP($B13,정책금리_결정!$G$4:$G$9,정책금리_결정!$H$4:$H$9) -> 0.04 | P13: =IFERROR(AVERAGEIFS(VN_국채일별!$D$4:$D$1436,VN_국채일별!$A$4:$A$1436,">="&$A13,VN_국채일별!$A$4:$A$1436,"<="&$B13),"") -> 0.0068759091 | Q13: =IFERROR(SUMIFS(VN_은행채발행!$T$4:$T$712,VN_은행채발행!$C$4:$C$712,$A13)/SUMIFS(VN_은행채발행!$I$4:$I$712,VN_은행채발행!$C$4:$C$712,$A13,VN_은행채발행!$S$4:$S$712,1),"") | R13: =COUNTIFS(VN_은행채발행!$C$4:$C$712,$A13,VN_은행채발행!$S$4:$S$712,1) -> 0 | S13: =IFERROR(SUMIFS(VN_은행채발행!$U$4:$U$712,VN_은행채발행!$C$4:$C$712,$A13)/SUMIFS(VN_은행채발행!$Y$4:$Y$712,VN_은행채발행!$C$4:$C$712,$A13),"") | T13: =IFERROR(SUMIFS(VN_은행채발행!$W$4:$W$712,VN_은행채발행!$C$4:$C$712,$A13)/SUMIFS(VN_은행채발행!$I$4:$I$712,VN_은행채발행!$C$4:$C$712,$A13,VN_은행채발행!$V$4:$V$712,1),"") | U13: =IFERROR(SUMIFS(VN_은행채발행!$X$4:$X$712,VN_은행채발행!$C$4:$C$712,$A13)/SUMIFS(VN_은행채발행!$Z$4:$Z$712,VN_은행채발행!$C$4:$C$712,$A13),"") | V13: =LOOKUP($B13,정책금리_결정!$J$4:$J$49,정책금리_결정!$K$4:$K$49) -> 0.095 | W13: =IFERROR(AVERAGEIFS(KZ_일별!$C$4:$C$1352,KZ_일별!$A$4:$A$1352,">="&$A13,KZ_일별!$A$4:$A$1352,"<="&$B13),"") | X13: =IFERROR(AVERAGEIFS(KZ_일별!$E$4:$E$1352,KZ_일별!$A$4:$A$1352,">="&$A13,KZ_일별!$A$4:$A$1352,"<="&$B13),"") | Y13: =IFERROR(AVERAGEIFS(KZ_일별!$F$4:$F$1352,KZ_일별!$A$4:$A$1352,">="&$A13,KZ_일별!$A$4:$A$1352,"<="&$B13),"") -> 0.10261364 | Z13: =IFERROR(AVERAGEIFS(KZ_일별!$G$4:$G$1352,KZ_일별!$A$4:$A$1352,">="&$A13,KZ_일별!$A$4:$A$1352,"<="&$B13),"") | AA13: =IF(OR(Y13="",W13=""),"",(Y13-W13)*10000) | AB13: =IFERROR(AVERAGEIFS(KZ_일별!$H$4:$H$1352,KZ_일별!$A$4:$A$1352,">="&$A13,KZ_일별!$A$4:$A$1352,"<="&$B13),"") -> 0.089195455
A14: 44470 | B14: =EOMONTH(A14,0) -> 44500 | C14: =YEAR(A14)&"Q"&ROUNDUP(MONTH(A14)/3,0) -> 2021Q4 | D14: =YEAR(A14) -> 2021 | E14: =LOOKUP($B14,정책금리_결정!$A$4:$A$70,정책금리_결정!$B$4:$B$70) -> -0.001 | F14: =IFERROR(AVERAGEIFS(JP_국채일별!$C$4:$C$1345,JP_국채일별!$A$4:$A$1345,">="&$A14,JP_국채일별!$A$4:$A$1345,"<="&$B14),"") -> -0.0011052381 | G14: =IFERROR(AVERAGEIFS(JP_등급별회사채!$D$4:$D$158,JP_등급별회사채!$A$4:$A$158,">="&$A14,JP_등급별회사채!$A$4:$A$158,"<="&$B14),"") -> 0.0012325 | H14: =IFERROR(AVERAGEIFS(JP_등급별회사채!$B$4:$B$158,JP_등급별회사채!$A$4:$A$158,">="&$A14,JP_등급별회사채!$A$4:$A$158,"<="&$B14),"") -> 0.0008975 | I14: =IF(OR(G14="",F14=""),"",(G14-F14)*10000) -> 23.377381 | J14: =LOOKUP($B14,정책금리_결정!$D$4:$D$70,정책금리_결정!$E$4:$E$70) -> 0.0385 | K14: =IFERROR(AVERAGEIFS(CN_일별!$B$4:$B$1372,CN_일별!$A$4:$A$1372,">="&$A14,CN_일별!$A$4:$A$1372,"<="&$B14),"") -> 0.026459941 | L14: =IFERROR(AVERAGEIFS(CN_일별!$C$4:$C$1372,CN_일별!$A$4:$A$1372,">="&$A14,CN_일별!$A$4:$A$1372,"<="&$B14),"") -> 0.030599588 | M14: =IFERROR(AVERAGEIFS(CN_일별!$D$4:$D$1372,CN_일별!$A$4:$A$1372,">="&$A14,CN_일별!$A$4:$A$1372,"<="&$B14),"") -> 0.032643059 | N14: =IF(OR(L14="",K14=""),"",(L14-K14)*10000) -> 41.396471 | O14: =LOOKUP($B14,정책금리_결정!$G$4:$G$9,정책금리_결정!$H$4:$H$9) -> 0.04 | P14: =IFERROR(AVERAGEIFS(VN_국채일별!$D$4:$D$1436,VN_국채일별!$A$4:$A$1436,">="&$A14,VN_국채일별!$A$4:$A$1436,"<="&$B14),"") -> 0.0074038095 | Q14: =IFERROR(SUMIFS(VN_은행채발행!$T$4:$T$712,VN_은행채발행!$C$4:$C$712,$A14)/SUMIFS(VN_은행채발행!$I$4:$I$712,VN_은행채발행!$C$4:$C$712,$A14,VN_은행채발행!$S$4:$S$712,1),"") | R14: =COUNTIFS(VN_은행채발행!$C$4:$C$712,$A14,VN_은행채발행!$S$4:$S$712,1) -> 0 | S14: =IFERROR(SUMIFS(VN_은행채발행!$U$4:$U$712,VN_은행채발행!$C$4:$C$712,$A14)/SUMIFS(VN_은행채발행!$Y$4:$Y$712,VN_은행채발행!$C$4:$C$712,$A14),"") | T14: =IFERROR(SUMIFS(VN_은행채발행!$W$4:$W$712,VN_은행채발행!$C$4:$C$712,$A14)/SUMIFS(VN_은행채발행!$I$4:$I$712,VN_은행채발행!$C$4:$C$712,$A14,VN_은행채발행!$V$4:$V$712,1),"") | U14: =IFERROR(SUMIFS(VN_은행채발행!$X$4:$X$712,VN_은행채발행!$C$4:$C$712,$A14)/SUMIFS(VN_은행채발행!$Z$4:$Z$712,VN_은행채발행!$C$4:$C$712,$A14),"") | V14: =LOOKUP($B14,정책금리_결정!$J$4:$J$49,정책금리_결정!$K$4:$K$49) -> 0.0975 | W14: =IFERROR(AVERAGEIFS(KZ_일별!$C$4:$C$1352,KZ_일별!$A$4:$A$1352,">="&$A14,KZ_일별!$A$4:$A$1352,"<="&$B14),"") | X14: =IFERROR(AVERAGEIFS(KZ_일별!$E$4:$E$1352,KZ_일별!$A$4:$A$1352,">="&$A14,KZ_일별!$A$4:$A$1352,"<="&$B14),"") | Y14: =IFERROR(AVERAGEIFS(KZ_일별!$F$4:$F$1352,KZ_일별!$A$4:$A$1352,">="&$A14,KZ_일별!$A$4:$A$1352,"<="&$B14),"") -> 0.10291905 | Z14: =IFERROR(AVERAGEIFS(KZ_일별!$G$4:$G$1352,KZ_일별!$A$4:$A$1352,">="&$A14,KZ_일별!$A$4:$A$1352,"<="&$B14),"") | AA14: =IF(OR(Y14="",W14=""),"",(Y14-W14)*10000) | AB14: =IFERROR(AVERAGEIFS(KZ_일별!$H$4:$H$1352,KZ_일별!$A$4:$A$1352,">="&$A14,KZ_일별!$A$4:$A$1352,"<="&$B14),"") -> 0.090338095
A15: 44501 | B15: =EOMONTH(A15,0) -> 44530 | C15: =YEAR(A15)&"Q"&ROUNDUP(MONTH(A15)/3,0) -> 2021Q4 | D15: =YEAR(A15) -> 2021 | E15: =LOOKUP($B15,정책금리_결정!$A$4:$A$70,정책금리_결정!$B$4:$B$70) -> -0.001 | F15: =IFERROR(AVERAGEIFS(JP_국채일별!$C$4:$C$1345,JP_국채일별!$A$4:$A$1345,">="&$A15,JP_국채일별!$A$4:$A$1345,"<="&$B15),"") -> -0.001166 | G15: =IFERROR(AVERAGEIFS(JP_등급별회사채!$D$4:$D$158,JP_등급별회사채!$A$4:$A$158,">="&$A15,JP_등급별회사채!$A$4:$A$158,"<="&$B15),"") -> 0.00117 | H15: =IFERROR(AVERAGEIFS(JP_등급별회사채!$B$4:$B$158,JP_등급별회사채!$A$4:$A$158,">="&$A15,JP_등급별회사채!$A$4:$A$158,"<="&$B15),"") -> 0.000875 | I15: =IF(OR(G15="",F15=""),"",(G15-F15)*10000) -> 23.36 | J15: =LOOKUP($B15,정책금리_결정!$D$4:$D$70,정책금리_결정!$E$4:$E$70) -> 0.0385 | K15: =IFERROR(AVERAGEIFS(CN_일별!$B$4:$B$1372,CN_일별!$A$4:$A$1372,">="&$A15,CN_일별!$A$4:$A$1372,"<="&$B15),"") -> 0.026132318 | L15: =IFERROR(AVERAGEIFS(CN_일별!$C$4:$C$1372,CN_일별!$A$4:$A$1372,">="&$A15,CN_일별!$A$4:$A$1372,"<="&$B15),"") -> 0.029307136 | M15: =IFERROR(AVERAGEIFS(CN_일별!$D$4:$D$1372,CN_일별!$A$4:$A$1372,">="&$A15,CN_일별!$A$4:$A$1372,"<="&$B15),"") -> 0.031191364 | N15: =IF(OR(L15="",K15=""),"",(L15-K15)*10000) -> 31.748182 | O15: =LOOKUP($B15,정책금리_결정!$G$4:$G$9,정책금리_결정!$H$4:$H$9) -> 0.04 | P15: =IFERROR(AVERAGEIFS(VN_국채일별!$D$4:$D$1436,VN_국채일별!$A$4:$A$1436,">="&$A15,VN_국채일별!$A$4:$A$1436,"<="&$B15),"") -> 0.0067513636 | Q15: =IFERROR(SUMIFS(VN_은행채발행!$T$4:$T$712,VN_은행채발행!$C$4:$C$712,$A15)/SUMIFS(VN_은행채발행!$I$4:$I$712,VN_은행채발행!$C$4:$C$712,$A15,VN_은행채발행!$S$4:$S$712,1),"") -> 0.036253968 | R15: =COUNTIFS(VN_은행채발행!$C$4:$C$712,$A15,VN_은행채발행!$S$4:$S$712,1) -> 5 | S15: =IFERROR(SUMIFS(VN_은행채발행!$U$4:$U$712,VN_은행채발행!$C$4:$C$712,$A15)/SUMIFS(VN_은행채발행!$Y$4:$Y$712,VN_은행채발행!$C$4:$C$712,$A15),"") -> 294.07619 | T15: =IFERROR(SUMIFS(VN_은행채발행!$W$4:$W$712,VN_은행채발행!$C$4:$C$712,$A15)/SUMIFS(VN_은행채발행!$I$4:$I$712,VN_은행채발행!$C$4:$C$712,$A15,VN_은행채발행!$V$4:$V$712,1),"") | U15: =IFERROR(SUMIFS(VN_은행채발행!$X$4:$X$712,VN_은행채발행!$C$4:$C$712,$A15)/SUMIFS(VN_은행채발행!$Z$4:$Z$712,VN_은행채발행!$C$4:$C$712,$A15),"") | V15: =LOOKUP($B15,정책금리_결정!$J$4:$J$49,정책금리_결정!$K$4:$K$49) -> 0.0975 | W15: =IFERROR(AVERAGEIFS(KZ_일별!$C$4:$C$1352,KZ_일별!$A$4:$A$1352,">="&$A15,KZ_일별!$A$4:$A$1352,"<="&$B15),"") | X15: =IFERROR(AVERAGEIFS(KZ_일별!$E$4:$E$1352,KZ_일별!$A$4:$A$1352,">="&$A15,KZ_일별!$A$4:$A$1352,"<="&$B15),"") | Y15: =IFERROR(AVERAGEIFS(KZ_일별!$F$4:$F$1352,KZ_일별!$A$4:$A$1352,">="&$A15,KZ_일별!$A$4:$A$1352,"<="&$B15),"") -> 0.10240909 | Z15: =IFERROR(AVERAGEIFS(KZ_일별!$G$4:$G$1352,KZ_일별!$A$4:$A$1352,">="&$A15,KZ_일별!$A$4:$A$1352,"<="&$B15),"") | AA15: =IF(OR(Y15="",W15=""),"",(Y15-W15)*10000) | AB15: =IFERROR(AVERAGEIFS(KZ_일별!$H$4:$H$1352,KZ_일별!$A$4:$A$1352,">="&$A15,KZ_일별!$A$4:$A$1352,"<="&$B15),"") -> 0.093586364
A16: 44531 | B16: =EOMONTH(A16,0) -> 44561 | C16: =YEAR(A16)&"Q"&ROUNDUP(MONTH(A16)/3,0) -> 2021Q4 | D16: =YEAR(A16) -> 2021 | E16: =LOOKUP($B16,정책금리_결정!$A$4:$A$70,정책금리_결정!$B$4:$B$70) -> -0.001 | F16: =IFERROR(AVERAGEIFS(JP_국채일별!$C$4:$C$1345,JP_국채일별!$A$4:$A$1345,">="&$A16,JP_국채일별!$A$4:$A$1345,"<="&$B16),"") -> -0.0011163636 | G16: =IFERROR(AVERAGEIFS(JP_등급별회사채!$D$4:$D$158,JP_등급별회사채!$A$4:$A$158,">="&$A16,JP_등급별회사채!$A$4:$A$158,"<="&$B16),"") -> 0.0011025 | H16: =IFERROR(AVERAGEIFS(JP_등급별회사채!$B$4:$B$158,JP_등급별회사채!$A$4:$A$158,">="&$A16,JP_등급별회사채!$A$4:$A$158,"<="&$B16),"") -> 0.00086 | I16: =IF(OR(G16="",F16=""),"",(G16-F16)*10000) -> 22.188636 | J16: =LOOKUP($B16,정책금리_결정!$D$4:$D$70,정책금리_결정!$E$4:$E$70) -> 0.038 | K16: =IFERROR(AVERAGEIFS(CN_일별!$B$4:$B$1372,CN_일별!$A$4:$A$1372,">="&$A16,CN_일별!$A$4:$A$1372,"<="&$B16),"") -> 0.025690391 | L16: =IFERROR(AVERAGEIFS(CN_일별!$C$4:$C$1372,CN_일별!$A$4:$A$1372,">="&$A16,CN_일별!$A$4:$A$1372,"<="&$B16),"") -> 0.028906565 | M16: =IFERROR(AVERAGEIFS(CN_일별!$D$4:$D$1372,CN_일별!$A$4:$A$1372,">="&$A16,CN_일별!$A$4:$A$1372,"<="&$B16),"") -> 0.030022043 | N16: =IF(OR(L16="",K16=""),"",(L16-K16)*10000) -> 32.161739 | O16: =LOOKUP($B16,정책금리_결정!$G$4:$G$9,정책금리_결정!$H$4:$H$9) -> 0.04 | P16: =IFERROR(AVERAGEIFS(VN_국채일별!$D$4:$D$1436,VN_국채일별!$A$4:$A$1436,">="&$A16,VN_국채일별!$A$4:$A$1436,"<="&$B16),"") -> 0.0069621739 | Q16: =IFERROR(SUMIFS(VN_은행채발행!$T$4:$T$712,VN_은행채발행!$C$4:$C$712,$A16)/SUMIFS(VN_은행채발행!$I$4:$I$712,VN_은행채발행!$C$4:$C$712,$A16,VN_은행채발행!$S$4:$S$712,1),"") -> 0.032210191 | R16: =COUNTIFS(VN_은행채발행!$C$4:$C$712,$A16,VN_은행채발행!$S$4:$S$712,1) -> 17 | S16: =IFERROR(SUMIFS(VN_은행채발행!$U$4:$U$712,VN_은행채발행!$C$4:$C$712,$A16)/SUMIFS(VN_은행채발행!$Y$4:$Y$712,VN_은행채발행!$C$4:$C$712,$A16),"") -> 256.19682 | T16: =IFERROR(SUMIFS(VN_은행채발행!$W$4:$W$712,VN_은행채발행!$C$4:$C$712,$A16)/SUMIFS(VN_은행채발행!$I$4:$I$712,VN_은행채발행!$C$4:$C$712,$A16,VN_은행채발행!$V$4:$V$712,1),"") | U16: =IFERROR(SUMIFS(VN_은행채발행!$X$4:$X$712,VN_은행채발행!$C$4:$C$712,$A16)/SUMIFS(VN_은행채발행!$Z$4:$Z$712,VN_은행채발행!$C$4:$C$712,$A16),"") | V16: =LOOKUP($B16,정책금리_결정!$J$4:$J$49,정책금리_결정!$K$4:$K$49) -> 0.0975 | W16: =IFERROR(AVERAGEIFS(KZ_일별!$C$4:$C$1352,KZ_일별!$A$4:$A$1352,">="&$A16,KZ_일별!$A$4:$A$1352,"<="&$B16),"") | X16: =IFERROR(AVERAGEIFS(KZ_일별!$E$4:$E$1352,KZ_일별!$A$4:$A$1352,">="&$A16,KZ_일별!$A$4:$A$1352,"<="&$B16),"") | Y16: =IFERROR(AVERAGEIFS(KZ_일별!$F$4:$F$1352,KZ_일별!$A$4:$A$1352,">="&$A16,KZ_일별!$A$4:$A$1352,"<="&$B16),"") -> 0.10511 | Z16: =IFERROR(AVERAGEIFS(KZ_일별!$G$4:$G$1352,KZ_일별!$A$4:$A$1352,">="&$A16,KZ_일별!$A$4:$A$1352,"<="&$B16),"") | AA16: =IF(OR(Y16="",W16=""),"",(Y16-W16)*10000) | AB16: =IFERROR(AVERAGEIFS(KZ_일별!$H$4:$H$1352,KZ_일별!$A$4:$A$1352,">="&$A16,KZ_일별!$A$4:$A$1352,"<="&$B16),"") -> 0.104985
... A70: 46174 | B70: =EOMONTH(A70,0) -> 46203 | C70: =YEAR(A70)&"Q"&ROUNDUP(MONTH(A70)/3,0) -> 2026Q2 | D70: =YEAR(A70) -> 2026 | E70: =LOOKUP($B70,정책금리_결정!$A$4:$A$70,정책금리_결정!$B$4:$B$70) -> 0.01 | F70: =IFERROR(AVERAGEIFS(JP_국채일별!$C$4:$C$1345,JP_국채일별!$A$4:$A$1345,">="&$A70,JP_국채일별!$A$4:$A$1345,"<="&$B70),"") -> 0.015645 | G70: =IFERROR(AVERAGEIFS(JP_등급별회사채!$D$4:$D$158,JP_등급별회사채!$A$4:$A$158,">="&$A70,JP_등급별회사채!$A$4:$A$158,"<="&$B70),"") -> 0.01972 | H70: =IFERROR(AVERAGEIFS(JP_등급별회사채!$B$4:$B$158,JP_등급별회사채!$A$4:$A$158,">="&$A70,JP_등급별회사채!$A$4:$A$158,"<="&$B70),"") -> 0.01902 | I70: =IF(OR(G70="",F70=""),"",(G70-F70)*10000) -> 40.75 | J70: =LOOKUP($B70,정책금리_결정!$D$4:$D$70,정책금리_결정!$E$4:$E$70) -> 0.03 | K70: =IFERROR(AVERAGEIFS(CN_일별!$B$4:$B$1372,CN_일별!$A$4:$A$1372,">="&$A70,CN_일별!$A$4:$A$1372,"<="&$B70),"") -> 0.012938429 | L70: =IFERROR(AVERAGEIFS(CN_일별!$C$4:$C$1372,CN_일별!$A$4:$A$1372,">="&$A70,CN_일별!$A$4:$A$1372,"<="&$B70),"") -> 0.015166048 | M70: =IFERROR(AVERAGEIFS(CN_일별!$D$4:$D$1372,CN_일별!$A$4:$A$1372,">="&$A70,CN_일별!$A$4:$A$1372,"<="&$B70),"") -> 0.01647981 | N70: =IF(OR(L70="",K70=""),"",(L70-K70)*10000) -> 22.27619 | O70: =LOOKUP($B70,정책금리_결정!$G$4:$G$9,정책금리_결정!$H$4:$H$9) -> 0.045 | P70: =IFERROR(AVERAGEIFS(VN_국채일별!$D$4:$D$1436,VN_국채일별!$A$4:$A$1436,">="&$A70,VN_국채일별!$A$4:$A$1436,"<="&$B70),"") -> 0.037111818 | Q70: =IFERROR(SUMIFS(VN_은행채발행!$T$4:$T$712,VN_은행채발행!$C$4:$C$712,$A70)/SUMIFS(VN_은행채발행!$I$4:$I$712,VN_은행채발행!$C$4:$C$712,$A70,VN_은행채발행!$S$4:$S$712,1),"") -> 0.084420279 | R70: =COUNTIFS(VN_은행채발행!$C$4:$C$712,$A70,VN_은행채발행!$S$4:$S$712,1) -> 10 | S70: =IFERROR(SUMIFS(VN_은행채발행!$U$4:$U$712,VN_은행채발행!$C$4:$C$712,$A70)/SUMIFS(VN_은행채발행!$Y$4:$Y$712,VN_은행채발행!$C$4:$C$712,$A70),"") -> 477.39287 | T70: =IFERROR(SUMIFS(VN_은행채발행!$W$4:$W$712,VN_은행채발행!$C$4:$C$712,$A70)/SUMIFS(VN_은행채발행!$I$4:$I$712,VN_은행채발행!$C$4:$C$712,$A70,VN_은행채발행!$V$4:$V$712,1),"") | U70: =IFERROR(SUMIFS(VN_은행채발행!$X$4:$X$712,VN_은행채발행!$C$4:$C$712,$A70)/SUMIFS(VN_은행채발행!$Z$4:$Z$712,VN_은행채발행!$C$4:$C$712,$A70),"") | V70: =LOOKUP($B70,정책금리_결정!$J$4:$J$49,정책금리_결정!$K$4:$K$49) -> 0.17 | W70: =IFERROR(AVERAGEIFS(KZ_일별!$C$4:$C$1352,KZ_일별!$A$4:$A$1352,">="&$A70,KZ_일별!$A$4:$A$1352,"<="&$B70),"") -> 0.16384091 | X70: =IFERROR(AVERAGEIFS(KZ_일별!$E$4:$E$1352,KZ_일별!$A$4:$A$1352,">="&$A70,KZ_일별!$A$4:$A$1352,"<="&$B70),"") -> 0.16536773 | Y70: =IFERROR(AVERAGEIFS(KZ_일별!$F$4:$F$1352,KZ_일별!$A$4:$A$1352,">="&$A70,KZ_일별!$A$4:$A$1352,"<="&$B70),"") -> 0.16598636 | Z70: =IFERROR(AVERAGEIFS(KZ_일별!$G$4:$G$1352,KZ_일별!$A$4:$A$1352,">="&$A70,KZ_일별!$A$4:$A$1352,"<="&$B70),"") -> 0.15265 | AA70: =IF(OR(Y70="",W70=""),"",(Y70-W70)*10000) -> 21.454545 | AB70: =IFERROR(AVERAGEIFS(KZ_일별!$H$4:$H$1352,KZ_일별!$A$4:$A$1352,">="&$A70,KZ_일별!$A$4:$A$1352,"<="&$B70),"") -> 0.17049091
A72: 노란 행 = 측정 기준월(2025.12). 일본 회사채 등급별 수익률은 월 1~4영업일 샘플 평균(2025.12는 전 영업일). 카자흐 국채지수는 2022.03부터, KASE_KZ3_Y는 2026.04부터 제공. 베트남 은행채는 발행이 없는 달 공란.

Sheet 분기·연도별
A1: 분기·연도별 평균 (월별 시트의 월평균을 평균, 정책금리는 기말값, 베트남 은행채는 기간 발행액 가중)
A2: 분기 = 해당 분기 3개월 월평균의 평균. 연도 행의 2026은 상반기(1~6월).
C3: 일본 (JPY) | H3: 중국 (CNY) | M3: 베트남 (VND) | T3: 카자흐스탄 (KZT)
A4: 기간 | B4: 기말일 | C4: 정책금리 (월말) | D4: JGB 3Y | E4: 회사채 R&I AA 잔존3Y | F4: 회사채 R&I AAA 잔존3Y(참고) | G4: 스프레드 AA−JGB | H4: LPR 1Y (월말) | I4: 국채 3Y | J4: 상업은행채 AAA 3Y | K4: MTN AAA 3Y (참고) | L4: 스프레드 은행AAA−국채 | M4: 재할인율 (월말) | N4: VGB 3Y | O4: 은행채 발행금리 선순위고정2~4Y (가중) | P4: 발행 건수 | Q4: 스프레드 (동일만기 국채대비, 가중) | R4: Big4 선순위 고정 발행금리 (가중) | S4: Big4 스프레드 | T4: 기준금리 (월말) | U4: 국채지수 1~5Y | V4: 국채 3Y (WGB,참고) | W4: 회사채지수 KASE_BMY | X4: BBB-이상 회사채 KASE_KZ3_Y | Y4: 스프레드 BMY−국채1~5Y | Z4: TONIA (월평균)
A5: 2021Q1 | B5: =EOMONTH(DATE(2021,3,1),0) -> 44286 | C5: =LOOKUP($B5,정책금리_결정!$A$4:$A$70,정책금리_결정!$B$4:$B$70) -> -0.001 | D5: =IFERROR(AVERAGEIFS(월별!$F$5:$F$70,월별!$C$5:$C$70,"2021Q1"),"") -> -0.001260614 | E5: =IFERROR(AVERAGEIFS(월별!$G$5:$G$70,월별!$C$5:$C$70,"2021Q1"),"") -> 0.0013713636 | F5: =IFERROR(AVERAGEIFS(월별!$H$5:$H$70,월별!$C$5:$C$70,"2021Q1"),"") -> 0.001351197 | G5: =IFERROR(AVERAGEIFS(월별!$I$5:$I$70,월별!$C$5:$C$70,"2021Q1"),"") -> 26.319777 | H5: =LOOKUP($B5,정책금리_결정!$D$4:$D$70,정책금리_결정!$E$4:$E$70) -> 0.0385 | I5: =IFERROR(AVERAGEIFS(월별!$K$5:$K$70,월별!$C$5:$C$70,"2021Q1"),"") -> 0.028707279 | J5: =IFERROR(AVERAGEIFS(월별!$L$5:$L$70,월별!$C$5:$C$70,"2021Q1"),"") -> 0.034040749 | K5: =IFERROR(AVERAGEIFS(월별!$M$5:$M$70,월별!$C$5:$C$70,"2021Q1"),"") -> 0.036201584 | L5: =IFERROR(AVERAGEIFS(월별!$N$5:$N$70,월별!$C$5:$C$70,"2021Q1"),"") -> 53.334701 | M5: =LOOKUP($B5,정책금리_결정!$G$4:$G$9,정책금리_결정!$H$4:$H$9) -> 0.04 | N5: =IFERROR(AVERAGEIFS(월별!$P$5:$P$70,월별!$C$5:$C$70,"2021Q1"),"") -> 0.0063076725 | O5: =IFERROR(SUMIFS(VN_은행채발행!$T$4:$T$712,VN_은행채발행!$D$4:$D$712,"2021Q1")/SUMIFS(VN_은행채발행!$I$4:$I$712,VN_은행채발행!$D$4:$D$712,"2021Q1",VN_은행채발행!$S$4:$S$712,1),"") | P5: =SUMIFS(월별!$R$5:$R$70,월별!$C$5:$C$70,"2021Q1") -> 0 | Q5: =IFERROR(SUMIFS(VN_은행채발행!$U$4:$U$712,VN_은행채발행!$D$4:$D$712,"2021Q1")/SUMIFS(VN_은행채발행!$Y$4:$Y$712,VN_은행채발행!$D$4:$D$712,"2021Q1"),"") | R5: =IFERROR(SUMIFS(VN_은행채발행!$W$4:$W$712,VN_은행채발행!$D$4:$D$712,"2021Q1")/SUMIFS(VN_은행채발행!$I$4:$I$712,VN_은행채발행!$D$4:$D$712,"2021Q1",VN_은행채발행!$V$4:$V$712,1),"") | S5: =IFERROR(SUMIFS(VN_은행채발행!$X$4:$X$712,VN_은행채발행!$D$4:$D$712,"2021Q1")/SUMIFS(VN_은행채발행!$Z$4:$Z$712,VN_은행채발행!$D$4:$D$712,"2021Q1"),"") | T5: =LOOKUP($B5,정책금리_결정!$J$4:$J$49,정책금리_결정!$K$4:$K$49) -> 0.09 | U5: =IFERROR(AVERAGEIFS(월별!$W$5:$W$70,월별!$C$5:$C$70,"2021Q1"),"") | V5: =IFERROR(AVERAGEIFS(월별!$X$5:$X$70,월별!$C$5:$C$70,"2021Q1"),"") | W5: =IFERROR(AVERAGEIFS(월별!$Y$5:$Y$70,월별!$C$5:$C$70,"2021Q1"),"") -> 0.10708802 | X5: =IFERROR(AVERAGEIFS(월별!$Z$5:$Z$70,월별!$C$5:$C$70,"2021Q1"),"") | Y5: =IFERROR(AVERAGEIFS(월별!$AA$5:$AA$70,월별!$C$5:$C$70,"2021Q1"),"") | Z5: =IFERROR(AVERAGEIFS(월별!$AB$5:$AB$70,월별!$C$5:$C$70,"2021Q1"),"") -> 0.087017368
A6: 2021Q2 | B6: =EOMONTH(DATE(2021,6,1),0) -> 44377 | C6: =LOOKUP($B6,정책금리_결정!$A$4:$A$70,정책금리_결정!$B$4:$B$70) -> -0.001 | D6: =IFERROR(AVERAGEIFS(월별!$F$5:$F$70,월별!$C$5:$C$70,"2021Q2"),"") -> -0.0013367027 | E6: =IFERROR(AVERAGEIFS(월별!$G$5:$G$70,월별!$C$5:$C$70,"2021Q2"),"") -> 0.0012233333 | F6: =IFERROR(AVERAGEIFS(월별!$H$5:$H$70,월별!$C$5:$C$70,"2021Q2"),"") -> 0.00080166667 | G6: =IFERROR(AVERAGEIFS(월별!$I$5:$I$70,월별!$C$5:$C$70,"2021Q2"),"") -> 25.600361 | H6: =LOOKUP($B6,정책금리_결정!$D$4:$D$70,정책금리_결정!$E$4:$E$70) -> 0.0385 | I6: =IFERROR(AVERAGEIFS(월별!$K$5:$K$70,월별!$C$5:$C$70,"2021Q2"),"") -> 0.0278856 | J6: =IFERROR(AVERAGEIFS(월별!$L$5:$L$70,월별!$C$5:$C$70,"2021Q2"),"") -> 0.032711853 | K6: =IFERROR(AVERAGEIFS(월별!$M$5:$M$70,월별!$C$5:$C$70,"2021Q2"),"") -> 0.034613199 | L6: =IFERROR(AVERAGEIFS(월별!$N$5:$N$70,월별!$C$5:$C$70,"2021Q2"),"") -> 48.262527 | M6: =LOOKUP($B6,정책금리_결정!$G$4:$G$9,정책금리_결정!$H$4:$H$9) -> 0.04 | N6: =IFERROR(AVERAGEIFS(월별!$P$5:$P$70,월별!$C$5:$C$70,"2021Q2"),"") -> 0.0072592785 | O6: =IFERROR(SUMIFS(VN_은행채발행!$T$4:$T$712,VN_은행채발행!$D$4:$D$712,"2021Q2")/SUMIFS(VN_은행채발행!$I$4:$I$712,VN_은행채발행!$D$4:$D$712,"2021Q2",VN_은행채발행!$S$4:$S$712,1),"") | P6: =SUMIFS(월별!$R$5:$R$70,월별!$C$5:$C$70,"2021Q2") -> 0 | Q6: =IFERROR(SUMIFS(VN_은행채발행!$U$4:$U$712,VN_은행채발행!$D$4:$D$712,"2021Q2")/SUMIFS(VN_은행채발행!$Y$4:$Y$712,VN_은행채발행!$D$4:$D$712,"2021Q2"),"") | R6: =IFERROR(SUMIFS(VN_은행채발행!$W$4:$W$712,VN_은행채발행!$D$4:$D$712,"2021Q2")/SUMIFS(VN_은행채발행!$I$4:$I$712,VN_은행채발행!$D$4:$D$712,"2021Q2",VN_은행채발행!$V$4:$V$712,1),"") | S6: =IFERROR(SUMIFS(VN_은행채발행!$X$4:$X$712,VN_은행채발행!$D$4:$D$712,"2021Q2")/SUMIFS(VN_은행채발행!$Z$4:$Z$712,VN_은행채발행!$D$4:$D$712,"2021Q2"),"") | T6: =LOOKUP($B6,정책금리_결정!$J$4:$J$49,정책금리_결정!$K$4:$K$49) -> 0.09 | U6: =IFERROR(AVERAGEIFS(월별!$W$5:$W$70,월별!$C$5:$C$70,"2021Q2"),"") | V6: =IFERROR(AVERAGEIFS(월별!$X$5:$X$70,월별!$C$5:$C$70,"2021Q2"),"") | W6: =IFERROR(AVERAGEIFS(월별!$Y$5:$Y$70,월별!$C$5:$C$70,"2021Q2"),"") -> 0.1056665 | X6: =IFERROR(AVERAGEIFS(월별!$Z$5:$Z$70,월별!$C$5:$C$70,"2021Q2"),"") | Y6: =IFERROR(AVERAGEIFS(월별!$AA$5:$AA$70,월별!$C$5:$C$70,"2021Q2"),"") | Z6: =IFERROR(AVERAGEIFS(월별!$AB$5:$AB$70,월별!$C$5:$C$70,"2021Q2"),"") -> 0.083851347
A7: 2021Q3 | B7: =EOMONTH(DATE(2021,9,1),0) -> 44469 | C7: =LOOKUP($B7,정책금리_결정!$A$4:$A$70,정책금리_결정!$B$4:$B$70) -> -0.001 | D7: =IFERROR(AVERAGEIFS(월별!$F$5:$F$70,월별!$C$5:$C$70,"2021Q3"),"") -> -0.0013179921 | E7: =IFERROR(AVERAGEIFS(월별!$G$5:$G$70,월별!$C$5:$C$70,"2021Q3"),"") -> 0.0010875 | F7: =IFERROR(AVERAGEIFS(월별!$H$5:$H$70,월별!$C$5:$C$70,"2021Q3"),"") -> 0.00068 | G7: =IFERROR(AVERAGEIFS(월별!$I$5:$I$70,월별!$C$5:$C$70,"2021Q3"),"") -> 24.054921 | H7: =LOOKUP($B7,정책금리_결정!$D$4:$D$70,정책금리_결정!$E$4:$E$70) -> 0.0385 | I7: =IFERROR(AVERAGEIFS(월별!$K$5:$K$70,월별!$C$5:$C$70,"2021Q3"),"") -> 0.025919167 | J7: =IFERROR(AVERAGEIFS(월별!$L$5:$L$70,월별!$C$5:$C$70,"2021Q3"),"") -> 0.029660727 | K7: =IFERROR(AVERAGEIFS(월별!$M$5:$M$70,월별!$C$5:$C$70,"2021Q3"),"") -> 0.031301803 | L7: =IFERROR(AVERAGEIFS(월별!$N$5:$N$70,월별!$C$5:$C$70,"2021Q3"),"") -> 37.415606 | M7: =LOOKUP($B7,정책금리_결정!$G$4:$G$9,정책금리_결정!$H$4:$H$9) -> 0.04 | N7: =IFERROR(AVERAGEIFS(월별!$P$5:$P$70,월별!$C$5:$C$70,"2021Q3"),"") -> 0.0071990909 | O7: =IFERROR(SUMIFS(VN_은행채발행!$T$4:$T$712,VN_은행채발행!$D$4:$D$712,"2021Q3")/SUMIFS(VN_은행채발행!$I$4:$I$712,VN_은행채발행!$D$4:$D$712,"2021Q3",VN_은행채발행!$S$4:$S$712,1),"") -> 0.038026964 | P7: =SUMIFS(월별!$R$5:$R$70,월별!$C$5:$C$70,"2021Q3") -> 10 | Q7: =IFERROR(SUMIFS(VN_은행채발행!$U$4:$U$712,VN_은행채발행!$D$4:$D$712,"2021Q3")/SUMIFS(VN_은행채발행!$Y$4:$Y$712,VN_은행채발행!$D$4:$D$712,"2021Q3"),"") -> 314.39144 | R7: =IFERROR(SUMIFS(VN_은행채발행!$W$4:$W$712,VN_은행채발행!$D$4:$D$712,"2021Q3")/SUMIFS(VN_은행채발행!$I$4:$I$712,VN_은행채발행!$D$4:$D$712,"2021Q3",VN_은행채발행!$V$4:$V$712,1),"") | S7: =IFERROR(SUMIFS(VN_은행채발행!$X$4:$X$712,VN_은행채발행!$D$4:$D$712,"2021Q3")/SUMIFS(VN_은행채발행!$Z$4:$Z$712,VN_은행채발행!$D$4:$D$712,"2021Q3"),"") | T7: =LOOKUP($B7,정책금리_결정!$J$4:$J$49,정책금리_결정!$K$4:$K$49) -> 0.095 | U7: =IFERROR(AVERAGEIFS(월별!$W$5:$W$70,월별!$C$5:$C$70,"2021Q3"),"") | V7: =IFERROR(AVERAGEIFS(월별!$X$5:$X$70,월별!$C$5:$C$70,"2021Q3"),"") | W7: =IFERROR(AVERAGEIFS(월별!$Y$5:$Y$70,월별!$C$5:$C$70,"2021Q3"),"") -> 0.10330105 | X7: =IFERROR(AVERAGEIFS(월별!$Z$5:$Z$70,월별!$C$5:$C$70,"2021Q3"),"") | Y7: =IFERROR(AVERAGEIFS(월별!$AA$5:$AA$70,월별!$C$5:$C$70,"2021Q3"),"") | Z7: =IFERROR(AVERAGEIFS(월별!$AB$5:$AB$70,월별!$C$5:$C$70,"2021Q3"),"") -> 0.087903088
A8: 2021Q4 | B8: =EOMONTH(DATE(2021,12,1),0) -> 44561 | C8: =LOOKUP($B8,정책금리_결정!$A$4:$A$70,정책금리_결정!$B$4:$B$70) -> -0.001 | D8: =IFERROR(AVERAGEIFS(월별!$F$5:$F$70,월별!$C$5:$C$70,"2021Q4"),"") -> -0.0011292006 | E8: =IFERROR(AVERAGEIFS(월별!$G$5:$G$70,월별!$C$5:$C$70,"2021Q4"),"") -> 0.0011683333 | F8: =IFERROR(AVERAGEIFS(월별!$H$5:$H$70,월별!$C$5:$C$70,"2021Q4"),"") -> 0.0008775 | G8: =IFERROR(AVERAGEIFS(월별!$I$5:$I$70,월별!$C$5:$C$70,"2021Q4"),"") -> 22.975339 | H8: =LOOKUP($B8,정책금리_결정!$D$4:$D$70,정책금리_결정!$E$4:$E$70) -> 0.038 | I8: =IFERROR(AVERAGEIFS(월별!$K$5:$K$70,월별!$C$5:$C$70,"2021Q4"),"") -> 0.026094217 | J8: =IFERROR(AVERAGEIFS(월별!$L$5:$L$70,월별!$C$5:$C$70,"2021Q4"),"") -> 0.02960443 | K8: =IFERROR(AVERAGEIFS(월별!$M$5:$M$70,월별!$C$5:$C$70,"2021Q4"),"") -> 0.031285489 | L8: =IFERROR(AVERAGEIFS(월별!$N$5:$N$70,월별!$C$5:$C$70,"2021Q4"),"") -> 35.102131 | M8: =LOOKUP($B8,정책금리_결정!$G$4:$G$9,정책금리_결정!$H$4:$H$9) -> 0.04 | N8: =IFERROR(AVERAGEIFS(월별!$P$5:$P$70,월별!$C$5:$C$70,"2021Q4"),"") -> 0.0070391157 | O8: =IFERROR(SUMIFS(VN_은행채발행!$T$4:$T$712,VN_은행채발행!$D$4:$D$712,"2021Q4")/SUMIFS(VN_은행채발행!$I$4:$I$712,VN_은행채발행!$D$4:$D$712,"2021Q4",VN_은행채발행!$S$4:$S$712,1),"") -> 0.032885942 | P8: =SUMIFS(월별!$R$5:$R$70,월별!$C$5:$C$70,"2021Q4") -> 22 | Q8: =IFERROR(SUMIFS(VN_은행채발행!$U$4:$U$712,VN_은행채발행!$D$4:$D$712,"2021Q4")/SUMIFS(VN_은행채발행!$Y$4:$Y$712,VN_은행채발행!$D$4:$D$712,"2021Q4"),"") -> 262.52679 | R8: =IFERROR(SUMIFS(VN_은행채발행!$W$4:$W$712,VN_은행채발행!$D$4:$D$712,"2021Q4")/SUMIFS(VN_은행채발행!$I$4:$I$712,VN_은행채발행!$D$4:$D$712,"2021Q4",VN_은행채발행!$V$4:$V$712,1),"") | S8: =IFERROR(SUMIFS(VN_은행채발행!$X$4:$X$712,VN_은행채발행!$D$4:$D$712,"2021Q4")/SUMIFS(VN_은행채발행!$Z$4:$Z$712,VN_은행채발행!$D$4:$D$712,"2021Q4"),"") | T8: =LOOKUP($B8,정책금리_결정!$J$4:$J$49,정책금리_결정!$K$4:$K$49) -> 0.0975 | U8: =IFERROR(AVERAGEIFS(월별!$W$5:$W$70,월별!$C$5:$C$70,"2021Q4"),"") | V8: =IFERROR(AVERAGEIFS(월별!$X$5:$X$70,월별!$C$5:$C$70,"2021Q4"),"") | W8: =IFERROR(AVERAGEIFS(월별!$Y$5:$Y$70,월별!$C$5:$C$70,"2021Q4"),"") -> 0.10347938 | X8: =IFERROR(AVERAGEIFS(월별!$Z$5:$Z$70,월별!$C$5:$C$70,"2021Q4"),"") | Y8: =IFERROR(AVERAGEIFS(월별!$AA$5:$AA$70,월별!$C$5:$C$70,"2021Q4"),"") | Z8: =IFERROR(AVERAGEIFS(월별!$AB$5:$AB$70,월별!$C$5:$C$70,"2021Q4"),"") -> 0.096303153
A9: 2022Q1 | B9: =EOMONTH(DATE(2022,3,1),0) -> 44651 | C9: =LOOKUP($B9,정책금리_결정!$A$4:$A$70,정책금리_결정!$B$4:$B$70) -> -0.001 | D9: =IFERROR(AVERAGEIFS(월별!$F$5:$F$70,월별!$C$5:$C$70,"2022Q1"),"") -> -0.00034937976 | E9: =IFERROR(AVERAGEIFS(월별!$G$5:$G$70,월별!$C$5:$C$70,"2022Q1"),"") -> 0.0017833333 | F9: =IFERROR(AVERAGEIFS(월별!$H$5:$H$70,월별!$C$5:$C$70,"2022Q1"),"") -> 0.0015183333 | G9: =IFERROR(AVERAGEIFS(월별!$I$5:$I$70,월별!$C$5:$C$70,"2022Q1"),"") -> 21.327131 | H9: =LOOKUP($B9,정책금리_결정!$D$4:$D$70,정책금리_결정!$E$4:$E$70) -> 0.037 | I9: =IFERROR(AVERAGEIFS(월별!$K$5:$K$70,월별!$C$5:$C$70,"2022Q1"),"") -> 0.023461848 | J9: =IFERROR(AVERAGEIFS(월별!$L$5:$L$70,월별!$C$5:$C$70,"2022Q1"),"") -> 0.028132188 | K9: =IFERROR(AVERAGEIFS(월별!$M$5:$M$70,월별!$C$5:$C$70,"2022Q1"),"") -> 0.029271214 | L9: =IFERROR(AVERAGEIFS(월별!$N$5:$N$70,월별!$C$5:$C$70,"2022Q1"),"") -> 46.703401 | M9: =LOOKUP($B9,정책금리_결정!$G$4:$G$9,정책금리_결정!$H$4:$H$9) -> 0.04 | N9: =IFERROR(AVERAGEIFS(월별!$P$5:$P$70,월별!$C$5:$C$70,"2022Q1"),"") -> 0.010780873 | O9: =IFERROR(SUMIFS(VN_은행채발행!$T$4:$T$712,VN_은행채발행!$D$4:$D$712,"2022Q1")/SUMIFS(VN_은행채발행!$I$4:$I$712,VN_은행채발행!$D$4:$D$712,"2022Q1",VN_은행채발행!$S$4:$S$712,1),"") | P9: =SUMIFS(월별!$R$5:$R$70,월별!$C$5:$C$70,"2022Q1") -> 0 | Q9: =IFERROR(SUMIFS(VN_은행채발행!$U$4:$U$712,VN_은행채발행!$D$4:$D$712,"2022Q1")/SUMIFS(VN_은행채발행!$Y$4:$Y$712,VN_은행채발행!$D$4:$D$712,"2022Q1"),"") | R9: =IFERROR(SUMIFS(VN_은행채발행!$W$4:$W$712,VN_은행채발행!$D$4:$D$712,"2022Q1")/SUMIFS(VN_은행채발행!$I$4:$I$712,VN_은행채발행!$D$4:$D$712,"2022Q1",VN_은행채발행!$V$4:$V$712,1),"") | S9: =IFERROR(SUMIFS(VN_은행채발행!$X$4:$X$712,VN_은행채발행!$D$4:$D$712,"2022Q1")/SUMIFS(VN_은행채발행!$Z$4:$Z$712,VN_은행채발행!$D$4:$D$712,"2022Q1"),"") | T9: =LOOKUP($B9,정책금리_결정!$J$4:$J$49,정책금리_결정!$K$4:$K$49) -> 0.135 | U9: =IFERROR(AVERAGEIFS(월별!$W$5:$W$70,월별!$C$5:$C$70,"2022Q1"),"") -> 0.11619286 | V9: =IFERROR(AVERAGEIFS(월별!$X$5:$X$70,월별!$C$5:$C$70,"2022Q1"),"") -> 0.1148825 | W9: =IFERROR(AVERAGEIFS(월별!$Y$5:$Y$70,월별!$C$5:$C$70,"2022Q1"),"") -> 0.10738974 | X9: =IFERROR(AVERAGEIFS(월별!$Z$5:$Z$70,월별!$C$5:$C$70,"2022Q1"),"") | Y9: =IFERROR(AVERAGEIFS(월별!$AA$5:$AA$70,월별!$C$5:$C$70,"2022Q1"),"") -> -53.086466 | Z9: =IFERROR(AVERAGEIFS(월별!$AB$5:$AB$70,월별!$C$5:$C$70,"2022Q1"),"") -> 0.11793993
A10: 2022Q2 | B10: =EOMONTH(DATE(2022,6,1),0) -> 44742 | C10: =LOOKUP($B10,정책금리_결정!$A$4:$A$70,정책금리_결정!$B$4:$B$70) -> -0.001 | D10: =IFERROR(AVERAGEIFS(월별!$F$5:$F$70,월별!$C$5:$C$70,"2022Q2"),"") -> -0.00043414673 | E10: =IFERROR(AVERAGEIFS(월별!$G$5:$G$70,월별!$C$5:$C$70,"2022Q2"),"") -> 0.0018858333 | F10: =IFERROR(AVERAGEIFS(월별!$H$5:$H$70,월별!$C$5:$C$70,"2022Q2"),"") -> 0.0016508333 | G10: =IFERROR(AVERAGEIFS(월별!$I$5:$I$70,월별!$C$5:$C$70,"2022Q2"),"") -> 23.199801 | H10: =LOOKUP($B10,정책금리_결정!$D$4:$D$70,정책금리_결정!$E$4:$E$70) -> 0.037 | I10: =IFERROR(AVERAGEIFS(월별!$K$5:$K$70,월별!$C$5:$C$70,"2022Q2"),"") -> 0.023811694 | J10: =IFERROR(AVERAGEIFS(월별!$L$5:$L$70,월별!$C$5:$C$70,"2022Q2"),"") -> 0.02799689 | K10: =IFERROR(AVERAGEIFS(월별!$M$5:$M$70,월별!$C$5:$C$70,"2022Q2"),"") -> 0.029263706 | L10: =IFERROR(AVERAGEIFS(월별!$N$5:$N$70,월별!$C$5:$C$70,"2022Q2"),"") -> 41.85196 | M10: =LOOKUP($B10,정책금리_결정!$G$4:$G$9,정책금리_결정!$H$4:$H$9) -> 0.04 | N10: =IFERROR(AVERAGEIFS(월별!$P$5:$P$70,월별!$C$5:$C$70,"2022Q2"),"") -> 0.021991861 | O10: =IFERROR(SUMIFS(VN_은행채발행!$T$4:$T$712,VN_은행채발행!$D$4:$D$712,"2022Q2")/SUMIFS(VN_은행채발행!$I$4:$I$712,VN_은행채발행!$D$4:$D$712,"2022Q2",VN_은행채발행!$S$4:$S$712,1),"") -> 0.043337838 | P10: =SUMIFS(월별!$R$5:$R$70,월별!$C$5:$C$70,"2022Q2") -> 8 | Q10: =IFERROR(SUMIFS(VN_은행채발행!$U$4:$U$712,VN_은행채발행!$D$4:$D$712,"2022Q2")/SUMIFS(VN_은행채발행!$Y$4:$Y$712,VN_은행채발행!$D$4:$D$712,"2022Q2"),"") -> 201.85 | R10: =IFERROR(SUMIFS(VN_은행채발행!$W$4:$W$712,VN_은행채발행!$D$4:$D$712,"2022Q2")/SUMIFS(VN_은행채발행!$I$4:$I$712,VN_은행채발행!$D$4:$D$712,"2022Q2",VN_은행채발행!$V$4:$V$712,1),"") -> 0.068 | S10: =IFERROR(SUMIFS(VN_은행채발행!$X$4:$X$712,VN_은행채발행!$D$4:$D$712,"2022Q2")/SUMIFS(VN_은행채발행!$Z$4:$Z$712,VN_은행채발행!$D$4:$D$712,"2022Q2"),"") | T10: =LOOKUP($B10,정책금리_결정!$J$4:$J$49,정책금리_결정!$K$4:$K$49) -> 0.14 | U10: =IFERROR(AVERAGEIFS(월별!$W$5:$W$70,월별!$C$5:$C$70,"2022Q2"),"") -> 0.13399356 | V10: =IFERROR(AVERAGEIFS(월별!$X$5:$X$70,월별!$C$5:$C$70,"2022Q2"),"") -> 0.12040408 | W10: =IFERROR(AVERAGEIFS(월별!$Y$5:$Y$70,월별!$C$5:$C$70,"2022Q2"),"") -> 0.11349628 | X10: =IFERROR(AVERAGEIFS(월별!$Z$5:$Z$70,월별!$C$5:$C$70,"2022Q2"),"") | Y10: =IFERROR(AVERAGEIFS(월별!$AA$5:$AA$70,월별!$C$5:$C$70,"2022Q2"),"") -> -204.97281 | Z10: =IFERROR(AVERAGEIFS(월별!$AB$5:$AB$70,월별!$C$5:$C$70,"2022Q2"),"") -> 0.1389621
A11: 2022Q3 | B11: =EOMONTH(DATE(2022,9,1),0) -> 44834 | C11: =LOOKUP($B11,정책금리_결정!$A$4:$A$70,정책금리_결정!$B$4:$B$70) -> -0.001 | D11: =IFERROR(AVERAGEIFS(월별!$F$5:$F$70,월별!$C$5:$C$70,"2022Q3"),"") -> -0.00076269697 | E11: =IFERROR(AVERAGEIFS(월별!$G$5:$G$70,월별!$C$5:$C$70,"2022Q3"),"") -> 0.0020502778 | F11: =IFERROR(AVERAGEIFS(월별!$H$5:$H$70,월별!$C$5:$C$70,"2022Q3"),"") -> 0.0016047222 | G11: =IFERROR(AVERAGEIFS(월별!$I$5:$I$70,월별!$C$5:$C$70,"2022Q3"),"") -> 28.129747 | H11: =LOOKUP($B11,정책금리_결정!$D$4:$D$70,정책금리_결정!$E$4:$E$70) -> 0.0365 | I11: =IFERROR(AVERAGEIFS(월별!$K$5:$K$70,월별!$C$5:$C$70,"2022Q3"),"") -> 0.02302633 | J11: =IFERROR(AVERAGEIFS(월별!$L$5:$L$70,월별!$C$5:$C$70,"2022Q3"),"") -> 0.025862475 | K11: =IFERROR(AVERAGEIFS(월별!$M$5:$M$70,월별!$C$5:$C$70,"2022Q3"),"") -> 0.026794812 | L11: =IFERROR(AVERAGEIFS(월별!$N$5:$N$70,월별!$C$5:$C$70,"2022Q3"),"") -> 28.361449 | M11: =LOOKUP($B11,정책금리_결정!$G$4:$G$9,정책금리_결정!$H$4:$H$9) -> 0.05 | N11: =IFERROR(AVERAGEIFS(월별!$P$5:$P$70,월별!$C$5:$C$70,"2022Q3"),"") -> 0.031734241 | O11: =IFERROR(SUMIFS(VN_은행채발행!$T$4:$T$712,VN_은행채발행!$D$4:$D$712,"2022Q3")/SUMIFS(VN_은행채발행!$I$4:$I$712,VN_은행채발행!$D$4:$D$712,"2022Q3",VN_은행채발행!$S$4:$S$712,1),"") | P11: =SUMIFS(월별!$R$5:$R$70,월별!$C$5:$C$70,"2022Q3") -> 0 | Q11: =IFERROR(SUMIFS(VN_은행채발행!$U$4:$U$712,VN_은행채발행!$D$4:$D$712,"2022Q3")/SUMIFS(VN_은행채발행!$Y$4:$Y$712,VN_은행채발행!$D$4:$D$712,"2022Q3"),"") | R11: =IFERROR(SUMIFS(VN_은행채발행!$W$4:$W$712,VN_은행채발행!$D$4:$D$712,"2022Q3")/SUMIFS(VN_은행채발행!$I$4:$I$712,VN_은행채발행!$D$4:$D$712,"2022Q3",VN_은행채발행!$V$4:$V$712,1),"") | S11: =IFERROR(SUMIFS(VN_은행채발행!$X$4:$X$712,VN_은행채발행!$D$4:$D$712,"2022Q3")/SUMIFS(VN_은행채발행!$Z$4:$Z$712,VN_은행채발행!$D$4:$D$712,"2022Q3"),"") | T11: =LOOKUP($B11,정책금리_결정!$J$4:$J$49,정책금리_결정!$K$4:$K$49) -> 0.145 | U11: =IFERROR(AVERAGEIFS(월별!$W$5:$W$70,월별!$C$5:$C$70,"2022Q3"),"") -> 0.12949591 | V11: =IFERROR(AVERAGEIFS(월별!$X$5:$X$70,월별!$C$5:$C$70,"2022Q3"),"") -> 0.13459005 | W11: =IFERROR(AVERAGEIFS(월별!$Y$5:$Y$70,월별!$C$5:$C$70,"2022Q3"),"") -> 0.11713197 | X11: =IFERROR(AVERAGEIFS(월별!$Z$5:$Z$70,월별!$C$5:$C$70,"2022Q3"),"") | Y11: =IFERROR(AVERAGEIFS(월별!$AA$5:$AA$70,월별!$C$5:$C$70,"2022Q3"),"") -> -123.63939 | Z11: =IFERROR(AVERAGEIFS(월별!$AB$5:$AB$70,월별!$C$5:$C$70,"2022Q3"),"") -> 0.13779712
A12: 2022Q4 | B12: =EOMONTH(DATE(2022,12,1),0) -> 44926 | C12: =LOOKUP($B12,정책금리_결정!$A$4:$A$70,정책금리_결정!$B$4:$B$70) -> -0.001 | D12: =IFERROR(AVERAGEIFS(월별!$F$5:$F$70,월별!$C$5:$C$70,"2022Q4"),"") -> -0.00014775758 | E12: =IFERROR(AVERAGEIFS(월별!$G$5:$G$70,월별!$C$5:$C$70,"2022Q4"),"") -> 0.0028233333 | F12: =IFERROR(AVERAGEIFS(월별!$H$5:$H$70,월별!$C$5:$C$70,"2022Q4"),"") -> 0.0023233333 | G12: =IFERROR(AVERAGEIFS(월별!$I$5:$I$70,월별!$C$5:$C$70,"2022Q4"),"") -> 29.710909 | H12: =LOOKUP($B12,정책금리_결정!$D$4:$D$70,정책금리_결정!$E$4:$E$70) -> 0.0365 | I12: =IFERROR(AVERAGEIFS(월별!$K$5:$K$70,월별!$C$5:$C$70,"2022Q4"),"") -> 0.023822989 | J12: =IFERROR(AVERAGEIFS(월별!$L$5:$L$70,월별!$C$5:$C$70,"2022Q4"),"") -> 0.026916721 | K12: =IFERROR(AVERAGEIFS(월별!$M$5:$M$70,월별!$C$5:$C$70,"2022Q4"),"") -> 0.029157914 | L12: =IFERROR(AVERAGEIFS(월별!$N$5:$N$70,월별!$C$5:$C$70,"2022Q4"),"") -> 30.937319 | M12: =LOOKUP($B12,정책금리_결정!$G$4:$G$9,정책금리_결정!$H$4:$H$9) -> 0.06 | N12: =IFERROR(AVERAGEIFS(월별!$P$5:$P$70,월별!$C$5:$C$70,"2022Q4"),"") -> 0.049766053 | O12: =IFERROR(SUMIFS(VN_은행채발행!$T$4:$T$712,VN_은행채발행!$D$4:$D$712,"2022Q4")/SUMIFS(VN_은행채발행!$I$4:$I$712,VN_은행채발행!$D$4:$D$712,"2022Q4",VN_은행채발행!$S$4:$S$712,1),"") | P12: =SUMIFS(월별!$R$5:$R$70,월별!$C$5:$C$70,"2022Q4") -> 0 | Q12: =IFERROR(SUMIFS(VN_은행채발행!$U$4:$U$712,VN_은행채발행!$D$4:$D$712,"2022Q4")/SUMIFS(VN_은행채발행!$Y$4:$Y$712,VN_은행채발행!$D$4:$D$712,"2022Q4"),"") | R12: =IFERROR(SUMIFS(VN_은행채발행!$W$4:$W$712,VN_은행채발행!$D$4:$D$712,"2022Q4")/SUMIFS(VN_은행채발행!$I$4:$I$712,VN_은행채발행!$D$4:$D$712,"2022Q4",VN_은행채발행!$V$4:$V$712,1),"") | S12: =IFERROR(SUMIFS(VN_은행채발행!$X$4:$X$712,VN_은행채발행!$D$4:$D$712,"2022Q4")/SUMIFS(VN_은행채발행!$Z$4:$Z$712,VN_은행채발행!$D$4:$D$712,"2022Q4"),"") | T12: =LOOKUP($B12,정책금리_결정!$J$4:$J$49,정책금리_결정!$K$4:$K$49) -> 0.1675 | U12: =IFERROR(AVERAGEIFS(월별!$W$5:$W$70,월별!$C$5:$C$70,"2022Q4"),"") -> 0.12945061 | V12: =IFERROR(AVERAGEIFS(월별!$X$5:$X$70,월별!$C$5:$C$70,"2022Q4"),"") -> 0.14815622 | W12: =IFERROR(AVERAGEIFS(월별!$Y$5:$Y$70,월별!$C$5:$C$70,"2022Q4"),"") -> 0.12341608 | X12: =IFERROR(AVERAGEIFS(월별!$Z$5:$Z$70,월별!$C$5:$C$70,"2022Q4"),"") | Y12: =IFERROR(AVERAGEIFS(월별!$AA$5:$AA$70,월별!$C$5:$C$70,"2022Q4"),"") -> -60.34531 | Z12: =IFERROR(AVERAGEIFS(월별!$AB$5:$AB$70,월별!$C$5:$C$70,"2022Q4"),"") -> 0.15446159
A13: 2023Q1 | B13: =EOMONTH(DATE(2023,3,1),0) -> 45016 | C13: =LOOKUP($B13,정책금리_결정!$A$4:$A$70,정책금리_결정!$B$4:$B$70) -> -0.001 | D13: =IFERROR(AVERAGEIFS(월별!$F$5:$F$70,월별!$C$5:$C$70,"2023Q1"),"") -> 8.460925e-06 | E13: =IFERROR(AVERAGEIFS(월별!$G$5:$G$70,월별!$C$5:$C$70,"2023Q1"),"") -> 0.00359 | F13: =IFERROR(AVERAGEIFS(월별!$H$5:$H$70,월별!$C$5:$C$70,"2023Q1"),"") -> 0.0028466667 | G13: =IFERROR(AVERAGEIFS(월별!$I$5:$I$70,월별!$C$5:$C$70,"2023Q1"),"") -> 35.815391 | H13: =LOOKUP($B13,정책금리_결정!$D$4:$D$70,정책금리_결정!$E$4:$E$70) -> 0.0365 | I13: =IFERROR(AVERAGEIFS(월별!$K$5:$K$70,월별!$C$5:$C$70,"2023Q1"),"") -> 0.025266568 | J13: =IFERROR(AVERAGEIFS(월별!$L$5:$L$70,월별!$C$5:$C$70,"2023Q1"),"") -> 0.02887289 | K13: =IFERROR(AVERAGEIFS(월별!$M$5:$M$70,월별!$C$5:$C$70,"2023Q1"),"") -> 0.031482398 | L13: =IFERROR(AVERAGEIFS(월별!$N$5:$N$70,월별!$C$5:$C$70,"2023Q1"),"") -> 36.063213 | M13: =LOOKUP($B13,정책금리_결정!$G$4:$G$9,정책금리_결정!$H$4:$H$9) -> 0.06 | N13: =IFERROR(AVERAGEIFS(월별!$P$5:$P$70,월별!$C$5:$C$70,"2023Q1"),"") -> 0.041367628 | O13: =IFERROR(SUMIFS(VN_은행채발행!$T$4:$T$712,VN_은행채발행!$D$4:$D$712,"2023Q1")/SUMIFS(VN_은행채발행!$I$4:$I$712,VN_은행채발행!$D$4:$D$712,"2023Q1",VN_은행채발행!$S$4:$S$712,1),"") | P13: =SUMIFS(월별!$R$5:$R$70,월별!$C$5:$C$70,"2023Q1") -> 0 | Q13: =IFERROR(SUMIFS(VN_은행채발행!$U$4:$U$712,VN_은행채발행!$D$4:$D$712,"2023Q1")/SUMIFS(VN_은행채발행!$Y$4:$Y$712,VN_은행채발행!$D$4:$D$712,"2023Q1"),"") | R13: =IFERROR(SUMIFS(VN_은행채발행!$W$4:$W$712,VN_은행채발행!$D$4:$D$712,"2023Q1")/SUMIFS(VN_은행채발행!$I$4:$I$712,VN_은행채발행!$D$4:$D$712,"2023Q1",VN_은행채발행!$V$4:$V$712,1),"") | S13: =IFERROR(SUMIFS(VN_은행채발행!$X$4:$X$712,VN_은행채발행!$D$4:$D$712,"2023Q1")/SUMIFS(VN_은행채발행!$Z$4:$Z$712,VN_은행채발행!$D$4:$D$712,"2023Q1"),"") | T13: =LOOKUP($B13,정책금리_결정!$J$4:$J$49,정책금리_결정!$K$4:$K$49) -> 0.1675 | U13: =IFERROR(AVERAGEIFS(월별!$W$5:$W$70,월별!$C$5:$C$70,"2023Q1"),"") -> 0.1378057 | V13: =IFERROR(AVERAGEIFS(월별!$X$5:$X$70,월별!$C$5:$C$70,"2023Q1"),"") -> 0.15844224 | W13: =IFERROR(AVERAGEIFS(월별!$Y$5:$Y$70,월별!$C$5:$C$70,"2023Q1"),"") -> 0.13149614 | X13: =IFERROR(AVERAGEIFS(월별!$Z$5:$Z$70,월별!$C$5:$C$70,"2023Q1"),"") | Y13: =IFERROR(AVERAGEIFS(월별!$AA$5:$AA$70,월별!$C$5:$C$70,"2023Q1"),"") -> -63.095614 | Z13: =IFERROR(AVERAGEIFS(월별!$AB$5:$AB$70,월별!$C$5:$C$70,"2023Q1"),"") -> 0.16174158
A14: 2023Q2 | B14: =EOMONTH(DATE(2023,6,1),0) -> 45107 | C14: =LOOKUP($B14,정책금리_결정!$A$4:$A$70,정책금리_결정!$B$4:$B$70) -> -0.001 | D14: =IFERROR(AVERAGEIFS(월별!$F$5:$F$70,월별!$C$5:$C$70,"2023Q2"),"") -> -0.00041728788 | E14: =IFERROR(AVERAGEIFS(월별!$G$5:$G$70,월별!$C$5:$C$70,"2023Q2"),"") -> 0.00298 | F14: =IFERROR(AVERAGEIFS(월별!$H$5:$H$70,월별!$C$5:$C$70,"2023Q2"),"") -> 0.0025433333 | G14: =IFERROR(AVERAGEIFS(월별!$I$5:$I$70,월별!$C$5:$C$70,"2023Q2"),"") -> 33.972879 | H14: =LOOKUP($B14,정책금리_결정!$D$4:$D$70,정책금리_결정!$E$4:$E$70) -> 0.0355 | I14: =IFERROR(AVERAGEIFS(월별!$K$5:$K$70,월별!$C$5:$C$70,"2023Q2"),"") -> 0.023678271 | J14: =IFERROR(AVERAGEIFS(월별!$L$5:$L$70,월별!$C$5:$C$70,"2023Q2"),"") -> 0.027518946 | K14: =IFERROR(AVERAGEIFS(월별!$M$5:$M$70,월별!$C$5:$C$70,"2023Q2"),"") -> 0.029129188 | L14: =IFERROR(AVERAGEIFS(월별!$N$5:$N$70,월별!$C$5:$C$70,"2023Q2"),"") -> 38.406746 | M14: =LOOKUP($B14,정책금리_결정!$G$4:$G$9,정책금리_결정!$H$4:$H$9) -> 0.045 | N14: =IFERROR(AVERAGEIFS(월별!$P$5:$P$70,월별!$C$5:$C$70,"2023Q2"),"") -> 0.02690921 | O14: =IFERROR(SUMIFS(VN_은행채발행!$T$4:$T$712,VN_은행채발행!$D$4:$D$712,"2023Q2")/SUMIFS(VN_은행채발행!$I$4:$I$712,VN_은행채발행!$D$4:$D$712,"2023Q2",VN_은행채발행!$S$4:$S$712,1),"") -> 0.074111111 | P14: =SUMIFS(월별!$R$5:$R$70,월별!$C$5:$C$70,"2023Q2") -> 2 | Q14: =IFERROR(SUMIFS(VN_은행채발행!$U$4:$U$712,VN_은행채발행!$D$4:$D$712,"2023Q2")/SUMIFS(VN_은행채발행!$Y$4:$Y$712,VN_은행채발행!$D$4:$D$712,"2023Q2"),"") -> 511.98333 | R14: =IFERROR(SUMIFS(VN_은행채발행!$W$4:$W$712,VN_은행채발행!$D$4:$D$712,"2023Q2")/SUMIFS(VN_은행채발행!$I$4:$I$712,VN_은행채발행!$D$4:$D$712,"2023Q2",VN_은행채발행!$V$4:$V$712,1),"") | S14: =IFERROR(SUMIFS(VN_은행채발행!$X$4:$X$712,VN_은행채발행!$D$4:$D$712,"2023Q2")/SUMIFS(VN_은행채발행!$Z$4:$Z$712,VN_은행채발행!$D$4:$D$712,"2023Q2"),"") | T14: =LOOKUP($B14,정책금리_결정!$J$4:$J$49,정책금리_결정!$K$4:$K$49) -> 0.1675 | U14: =IFERROR(AVERAGEIFS(월별!$W$5:$W$70,월별!$C$5:$C$70,"2023Q2"),"") -> 0.13240905 | V14: =IFERROR(AVERAGEIFS(월별!$X$5:$X$70,월별!$C$5:$C$70,"2023Q2"),"") -> 0.14334546 | W14: =IFERROR(AVERAGEIFS(월별!$Y$5:$Y$70,월별!$C$5:$C$70,"2023Q2"),"") -> 0.13809048 | X14: =IFERROR(AVERAGEIFS(월별!$Z$5:$Z$70,월별!$C$5:$C$70,"2023Q2"),"") | Y14: =IFERROR(AVERAGEIFS(월별!$AA$5:$AA$70,월별!$C$5:$C$70,"2023Q2"),"") -> 56.814286 | Z14: =IFERROR(AVERAGEIFS(월별!$AB$5:$AB$70,월별!$C$5:$C$70,"2023Q2"),"") -> 0.16564413
A15: 2023Q3 | B15: =EOMONTH(DATE(2023,9,1),0) -> 45199 | C15: =LOOKUP($B15,정책금리_결정!$A$4:$A$70,정책금리_결정!$B$4:$B$70) -> -0.001 | D15: =IFERROR(AVERAGEIFS(월별!$F$5:$F$70,월별!$C$5:$C$70,"2023Q3"),"") -> 0.00033321212 | E15: =IFERROR(AVERAGEIFS(월별!$G$5:$G$70,월별!$C$5:$C$70,"2023Q3"),"") -> 0.0038233333 | F15: =IFERROR(AVERAGEIFS(월별!$H$5:$H$70,월별!$C$5:$C$70,"2023Q3"),"") -> 0.0035366667 | G15: =IFERROR(AVERAGEIFS(월별!$I$5:$I$70,월별!$C$5:$C$70,"2023Q3"),"") -> 34.901212 | H15: =LOOKUP($B15,정책금리_결정!$D$4:$D$70,정책금리_결정!$E$4:$E$70) -> 0.0345 | I15: =IFERROR(AVERAGEIFS(월별!$K$5:$K$70,월별!$C$5:$C$70,"2023Q3"),"") -> 0.022729867 | J15: =IFERROR(AVERAGEIFS(월별!$L$5:$L$70,월별!$C$5:$C$70,"2023Q3"),"") -> 0.026441967 | K15: =IFERROR(AVERAGEIFS(월별!$M$5:$M$70,월별!$C$5:$C$70,"2023Q3"),"") -> 0.027518353 | L15: =IFERROR(AVERAGEIFS(월별!$N$5:$N$70,월별!$C$5:$C$70,"2023Q3"),"") -> 37.121003 | M15: =LOOKUP($B15,정책금리_결정!$G$4:$G$9,정책금리_결정!$H$4:$H$9) -> 0.045 | N15: =IFERROR(AVERAGEIFS(월별!$P$5:$P$70,월별!$C$5:$C$70,"2023Q3"),"") -> 0.019113168 | O15: =IFERROR(SUMIFS(VN_은행채발행!$T$4:$T$712,VN_은행채발행!$D$4:$D$712,"2023Q3")/SUMIFS(VN_은행채발행!$I$4:$I$712,VN_은행채발행!$D$4:$D$712,"2023Q3",VN_은행채발행!$S$4:$S$712,1),"") -> 0.066055319 | P15: =SUMIFS(월별!$R$5:$R$70,월별!$C$5:$C$70,"2023Q3") -> 14 | Q15: =IFERROR(SUMIFS(VN_은행채발행!$U$4:$U$712,VN_은행채발행!$D$4:$D$712,"2023Q3")/SUMIFS(VN_은행채발행!$Y$4:$Y$712,VN_은행채발행!$D$4:$D$712,"2023Q3"),"") -> 473.93021 | R15: =IFERROR(SUMIFS(VN_은행채발행!$W$4:$W$712,VN_은행채발행!$D$4:$D$712,"2023Q3")/SUMIFS(VN_은행채발행!$I$4:$I$712,VN_은행채발행!$D$4:$D$712,"2023Q3",VN_은행채발행!$V$4:$V$712,1),"") | S15: =IFERROR(SUMIFS(VN_은행채발행!$X$4:$X$712,VN_은행채발행!$D$4:$D$712,"2023Q3")/SUMIFS(VN_은행채발행!$Z$4:$Z$712,VN_은행채발행!$D$4:$D$712,"2023Q3"),"") | T15: =LOOKUP($B15,정책금리_결정!$J$4:$J$49,정책금리_결정!$K$4:$K$49) -> 0.165 | U15: =IFERROR(AVERAGEIFS(월별!$W$5:$W$70,월별!$C$5:$C$70,"2023Q3"),"") -> 0.13573688 | V15: =IFERROR(AVERAGEIFS(월별!$X$5:$X$70,월별!$C$5:$C$70,"2023Q3"),"") -> 0.14052646 | W15: =IFERROR(AVERAGEIFS(월별!$Y$5:$Y$70,월별!$C$5:$C$70,"2023Q3"),"") -> 0.14177372 | X15: =IFERROR(AVERAGEIFS(월별!$Z$5:$Z$70,월별!$C$5:$C$70,"2023Q3"),"") | Y15: =IFERROR(AVERAGEIFS(월별!$AA$5:$AA$70,월별!$C$5:$C$70,"2023Q3"),"") -> 60.36847 | Z15: =IFERROR(AVERAGEIFS(월별!$AB$5:$AB$70,월별!$C$5:$C$70,"2023Q3"),"") -> 0.16977563
A16: 2023Q4 | B16: =EOMONTH(DATE(2023,12,1),0) -> 45291 | C16: =LOOKUP($B16,정책금리_결정!$A$4:$A$70,정책금리_결정!$B$4:$B$70) -> -0.001 | D16: =IFERROR(AVERAGEIFS(월별!$F$5:$F$70,월별!$C$5:$C$70,"2023Q4"),"") -> 0.0011894365 | E16: =IFERROR(AVERAGEIFS(월별!$G$5:$G$70,월별!$C$5:$C$70,"2023Q4"),"") -> 0.00481 | F16: =IFERROR(AVERAGEIFS(월별!$H$5:$H$70,월별!$C$5:$C$70,"2023Q4"),"") -> 0.00448 | G16: =IFERROR(AVERAGEIFS(월별!$I$5:$I$70,월별!$C$5:$C$70,"2023Q4"),"") -> 36.205635 | H16: =LOOKUP($B16,정책금리_결정!$D$4:$D$70,정책금리_결정!$E$4:$E$70) -> 0.0345 | I16: =IFERROR(AVERAGEIFS(월별!$K$5:$K$70,월별!$C$5:$C$70,"2023Q4"),"") -> 0.024334963 | J16: =IFERROR(AVERAGEIFS(월별!$L$5:$L$70,월별!$C$5:$C$70,"2023Q4"),"") -> 0.027765888 | K16: =IFERROR(AVERAGEIFS(월별!$M$5:$M$70,월별!$C$5:$C$70,"2023Q4"),"") -> 0.028956433 | L16: =IFERROR(AVERAGEIFS(월별!$N$5:$N$70,월별!$C$5:$C$70,"2023Q4"),"") -> 34.30925 | M16: =LOOKUP($B16,정책금리_결정!$G$4:$G$9,정책금리_결정!$H$4:$H$9) -> 0.045 | N16: =IFERROR(AVERAGEIFS(월별!$P$5:$P$70,월별!$C$5:$C$70,"2023Q4"),"") -> 0.018806717 | O16: =IFERROR(SUMIFS(VN_은행채발행!$T$4:$T$712,VN_은행채발행!$D$4:$D$712,"2023Q4")/SUMIFS(VN_은행채발행!$I$4:$I$712,VN_은행채발행!$D$4:$D$712,"2023Q4",VN_은행채발행!$S$4:$S$712,1),"") -> 0.055855882 | P16: =SUMIFS(월별!$R$5:$R$70,월별!$C$5:$C$70,"2023Q4") -> 24 | Q16: =IFERROR(SUMIFS(VN_은행채발행!$U$4:$U$712,VN_은행채발행!$D$4:$D$712,"2023Q4")/SUMIFS(VN_은행채발행!$Y$4:$Y$712,VN_은행채발행!$D$4:$D$712,"2023Q4"),"") -> 376.63265 | R16: =IFERROR(SUMIFS(VN_은행채발행!$W$4:$W$712,VN_은행채발행!$D$4:$D$712,"2023Q4")/SUMIFS(VN_은행채발행!$I$4:$I$712,VN_은행채발행!$D$4:$D$712,"2023Q4",VN_은행채발행!$V$4:$V$712,1),"") | S16: =IFERROR(SUMIFS(VN_은행채발행!$X$4:$X$712,VN_은행채발행!$D$4:$D$712,"2023Q4")/SUMIFS(VN_은행채발행!$Z$4:$Z$712,VN_은행채발행!$D$4:$D$712,"2023Q4"),"") | T16: =LOOKUP($B16,정책금리_결정!$J$4:$J$49,정책금리_결정!$K$4:$K$49) -> 0.1575 | U16: =IFERROR(AVERAGEIFS(월별!$W$5:$W$70,월별!$C$5:$C$70,"2023Q4"),"") -> 0.13736182 | V16: =IFERROR(AVERAGEIFS(월별!$X$5:$X$70,월별!$C$5:$C$70,"2023Q4"),"") -> 0.14007647 | W16: =IFERROR(AVERAGEIFS(월별!$Y$5:$Y$70,월별!$C$5:$C$70,"2023Q4"),"") -> 0.14507627 | X16: =IFERROR(AVERAGEIFS(월별!$Z$5:$Z$70,월별!$C$5:$C$70,"2023Q4"),"") | Y16: =IFERROR(AVERAGEIFS(월별!$AA$5:$AA$70,월별!$C$5:$C$70,"2023Q4"),"") -> 77.144517 | Z16: =IFERROR(AVERAGEIFS(월별!$AB$5:$AB$70,월별!$C$5:$C$70,"2023Q4"),"") -> 0.15714437
A17: 2024Q1 | B17: =EOMONTH(DATE(2024,3,1),0) -> 45382 | C17: =LOOKUP($B17,정책금리_결정!$A$4:$A$70,정책금리_결정!$B$4:$B$70) -> 0.0005 | D17: =IFERROR(AVERAGEIFS(월별!$F$5:$F$70,월별!$C$5:$C$70,"2024Q1"),"") -> 0.0012807018 | E17: =IFERROR(AVERAGEIFS(월별!$G$5:$G$70,월별!$C$5:$C$70,"2024Q1"),"") -> 0.0049533333 | F17: =IFERROR(AVERAGEIFS(월별!$H$5:$H$70,월별!$C$5:$C$70,"2024Q1"),"") -> 0.00437 | G17: =IFERROR(AVERAGEIFS(월별!$I$5:$I$70,월별!$C$5:$C$70,"2024Q1"),"") -> 36.726316 | H17: =LOOKUP($B17,정책금리_결정!$D$4:$D$70,정책금리_결정!$E$4:$E$70) -> 0.0345 | I17: =IFERROR(AVERAGEIFS(월별!$K$5:$K$70,월별!$C$5:$C$70,"2024Q1"),"") -> 0.021808536 | J17: =IFERROR(AVERAGEIFS(월별!$L$5:$L$70,월별!$C$5:$C$70,"2024Q1"),"") -> 0.024912317 | K17: =IFERROR(AVERAGEIFS(월별!$M$5:$M$70,월별!$C$5:$C$70,"2024Q1"),"") -> 0.025828833 | L17: =IFERROR(AVERAGEIFS(월별!$N$5:$N$70,월별!$C$5:$C$70,"2024Q1"),"") -> 31.037814 | M17: =LOOKUP($B17,정책금리_결정!$G$4:$G$9,정책금리_결정!$H$4:$H$9) -> 0.045 | N17: =IFERROR(AVERAGEIFS(월별!$P$5:$P$70,월별!$C$5:$C$70,"2024Q1"),"") -> 0.014702968 | O17: =IFERROR(SUMIFS(VN_은행채발행!$T$4:$T$712,VN_은행채발행!$D$4:$D$712,"2024Q1")/SUMIFS(VN_은행채발행!$I$4:$I$712,VN_은행채발행!$D$4:$D$712,"2024Q1",VN_은행채발행!$S$4:$S$712,1),"") | P17: =SUMIFS(월별!$R$5:$R$70,월별!$C$5:$C$70,"2024Q1") -> 0 | Q17: =IFERROR(SUMIFS(VN_은행채발행!$U$4:$U$712,VN_은행채발행!$D$4:$D$712,"2024Q1")/SUMIFS(VN_은행채발행!$Y$4:$Y$712,VN_은행채발행!$D$4:$D$712,"2024Q1"),"") | R17: =IFERROR(SUMIFS(VN_은행채발행!$W$4:$W$712,VN_은행채발행!$D$4:$D$712,"2024Q1")/SUMIFS(VN_은행채발행!$I$4:$I$712,VN_은행채발행!$D$4:$D$712,"2024Q1",VN_은행채발행!$V$4:$V$712,1),"") | S17: =IFERROR(SUMIFS(VN_은행채발행!$X$4:$X$712,VN_은행채발행!$D$4:$D$712,"2024Q1")/SUMIFS(VN_은행채발행!$Z$4:$Z$712,VN_은행채발행!$D$4:$D$712,"2024Q1"),"") | T17: =LOOKUP($B17,정책금리_결정!$J$4:$J$49,정책금리_결정!$K$4:$K$49) -> 0.1475 | U17: =IFERROR(AVERAGEIFS(월별!$W$5:$W$70,월별!$C$5:$C$70,"2024Q1"),"") -> 0.12205929 | V17: =IFERROR(AVERAGEIFS(월별!$X$5:$X$70,월별!$C$5:$C$70,"2024Q1"),"") -> 0.13026603 | W17: =IFERROR(AVERAGEIFS(월별!$Y$5:$Y$70,월별!$C$5:$C$70,"2024Q1"),"") -> 0.14283716 | X17: =IFERROR(AVERAGEIFS(월별!$Z$5:$Z$70,월별!$C$5:$C$70,"2024Q1"),"") | Y17: =IFERROR(AVERAGEIFS(월별!$AA$5:$AA$70,월별!$C$5:$C$70,"2024Q1"),"") -> 207.77871 | Z17: =IFERROR(AVERAGEIFS(월별!$AB$5:$AB$70,월별!$C$5:$C$70,"2024Q1"),"") -> 0.14353688
A18: 2024Q2 | B18: =EOMONTH(DATE(2024,6,1),0) -> 45473 | C18: =LOOKUP($B18,정책금리_결정!$A$4:$A$70,정책금리_결정!$B$4:$B$70) -> 0.0005 | D18: =IFERROR(AVERAGEIFS(월별!$F$5:$F$70,월별!$C$5:$C$70,"2024Q2"),"") -> 0.0034300794 | E18: =IFERROR(AVERAGEIFS(월별!$G$5:$G$70,월별!$C$5:$C$70,"2024Q2"),"") -> 0.00687 | F18: =IFERROR(AVERAGEIFS(월별!$H$5:$H$70,월별!$C$5:$C$70,"2024Q2"),"") -> 0.00616 | G18: =IFERROR(AVERAGEIFS(월별!$I$5:$I$70,월별!$C$5:$C$70,"2024Q2"),"") -> 34.399206 | H18: =LOOKUP($B18,정책금리_결정!$D$4:$D$70,정책금리_결정!$E$4:$E$70) -> 0.0345 | I18: =IFERROR(AVERAGEIFS(월별!$K$5:$K$70,월별!$C$5:$C$70,"2024Q2"),"") -> 0.019495431 | J18: =IFERROR(AVERAGEIFS(월별!$L$5:$L$70,월별!$C$5:$C$70,"2024Q2"),"") -> 0.02215212 | K18: =IFERROR(AVERAGEIFS(월별!$M$5:$M$70,월별!$C$5:$C$70,"2024Q2"),"") -> 0.022778703 | L18: =IFERROR(AVERAGEIFS(월별!$N$5:$N$70,월별!$C$5:$C$70,"2024Q2"),"") -> 26.56689 | M18: =LOOKUP($B18,정책금리_결정!$G$4:$G$9,정책금리_결정!$H$4:$H$9) -> 0.045 | N18: =IFERROR(AVERAGEIFS(월별!$P$5:$P$70,월별!$C$5:$C$70,"2024Q2"),"") -> 0.019801711 | O18: =IFERROR(SUMIFS(VN_은행채발행!$T$4:$T$712,VN_은행채발행!$D$4:$D$712,"2024Q2")/SUMIFS(VN_은행채발행!$I$4:$I$712,VN_은행채발행!$D$4:$D$712,"2024Q2",VN_은행채발행!$S$4:$S$712,1),"") -> 0.04736891 | P18: =SUMIFS(월별!$R$5:$R$70,월별!$C$5:$C$70,"2024Q2") -> 25 | Q18: =IFERROR(SUMIFS(VN_은행채발행!$U$4:$U$712,VN_은행채발행!$D$4:$D$712,"2024Q2")/SUMIFS(VN_은행채발행!$Y$4:$Y$712,VN_은행채발행!$D$4:$D$712,"2024Q2"),"") -> 275.55824 | R18: =IFERROR(SUMIFS(VN_은행채발행!$W$4:$W$712,VN_은행채발행!$D$4:$D$712,"2024Q2")/SUMIFS(VN_은행채발행!$I$4:$I$712,VN_은행채발행!$D$4:$D$712,"2024Q2",VN_은행채발행!$V$4:$V$712,1),"") | S18: =IFERROR(SUMIFS(VN_은행채발행!$X$4:$X$712,VN_은행채발행!$D$4:$D$712,"2024Q2")/SUMIFS(VN_은행채발행!$Z$4:$Z$712,VN_은행채발행!$D$4:$D$712,"2024Q2"),"") | T18: =LOOKUP($B18,정책금리_결정!$J$4:$J$49,정책금리_결정!$K$4:$K$49) -> 0.145 | U18: =IFERROR(AVERAGEIFS(월별!$W$5:$W$70,월별!$C$5:$C$70,"2024Q2"),"") -> 0.12314485 | V18: =IFERROR(AVERAGEIFS(월별!$X$5:$X$70,월별!$C$5:$C$70,"2024Q2"),"") -> 0.12922 | W18: =IFERROR(AVERAGEIFS(월별!$Y$5:$Y$70,월별!$C$5:$C$70,"2024Q2"),"") -> 0.14069333 | X18: =IFERROR(AVERAGEIFS(월별!$Z$5:$Z$70,월별!$C$5:$C$70,"2024Q2"),"") | Y18: =IFERROR(AVERAGEIFS(월별!$AA$5:$AA$70,월별!$C$5:$C$70,"2024Q2"),"") -> 175.48485 | Z18: =IFERROR(AVERAGEIFS(월별!$AB$5:$AB$70,월별!$C$5:$C$70,"2024Q2"),"") -> 0.13621545
A19: 2024Q3 | B19: =EOMONTH(DATE(2024,9,1),0) -> 45565 | C19: =LOOKUP($B19,정책금리_결정!$A$4:$A$70,정책금리_결정!$B$4:$B$70) -> 0.0025 | D19: =IFERROR(AVERAGEIFS(월별!$F$5:$F$70,월별!$C$5:$C$70,"2024Q3"),"") -> 0.0038066997 | E19: =IFERROR(AVERAGEIFS(월별!$G$5:$G$70,월별!$C$5:$C$70,"2024Q3"),"") -> 0.0070533333 | F19: =IFERROR(AVERAGEIFS(월별!$H$5:$H$70,월별!$C$5:$C$70,"2024Q3"),"") -> 0.00637 | G19: =IFERROR(AVERAGEIFS(월별!$I$5:$I$70,월별!$C$5:$C$70,"2024Q3"),"") -> 32.466336 | H19: =LOOKUP($B19,정책금리_결정!$D$4:$D$70,정책금리_결정!$E$4:$E$70) -> 0.0335 | I19: =IFERROR(AVERAGEIFS(월별!$K$5:$K$70,월별!$C$5:$C$70,"2024Q3"),"") -> 0.016786224 | J19: =IFERROR(AVERAGEIFS(월별!$L$5:$L$70,월별!$C$5:$C$70,"2024Q3"),"") -> 0.020250497 | K19: =IFERROR(AVERAGEIFS(월별!$M$5:$M$70,월별!$C$5:$C$70,"2024Q3"),"") -> 0.02089991 | L19: =IFERROR(AVERAGEIFS(월별!$N$5:$N$70,월별!$C$5:$C$70,"2024Q3"),"") -> 34.642728 | M19: =LOOKUP($B19,정책금리_결정!$G$4:$G$9,정책금리_결정!$H$4:$H$9) -> 0.045 | N19: =IFERROR(AVERAGEIFS(월별!$P$5:$P$70,월별!$C$5:$C$70,"2024Q3"),"") -> 0.020013904 | O19: =IFERROR(SUMIFS(VN_은행채발행!$T$4:$T$712,VN_은행채발행!$D$4:$D$712,"2024Q3")/SUMIFS(VN_은행채발행!$I$4:$I$712,VN_은행채발행!$D$4:$D$712,"2024Q3",VN_은행채발행!$S$4:$S$712,1),"") -> 0.055247619 | P19: =SUMIFS(월별!$R$5:$R$70,월별!$C$5:$C$70,"2024Q3") -> 37 | Q19: =IFERROR(SUMIFS(VN_은행채발행!$U$4:$U$712,VN_은행채발행!$D$4:$D$712,"2024Q3")/SUMIFS(VN_은행채발행!$Y$4:$Y$712,VN_은행채발행!$D$4:$D$712,"2024Q3"),"") -> 353.10438 | R19: =IFERROR(SUMIFS(VN_은행채발행!$W$4:$W$712,VN_은행채발행!$D$4:$D$712,"2024Q3")/SUMIFS(VN_은행채발행!$I$4:$I$712,VN_은행채발행!$D$4:$D$712,"2024Q3",VN_은행채발행!$V$4:$V$712,1),"") -> 0.058341353 | S19: =IFERROR(SUMIFS(VN_은행채발행!$X$4:$X$712,VN_은행채발행!$D$4:$D$712,"2024Q3")/SUMIFS(VN_은행채발행!$Z$4:$Z$712,VN_은행채발행!$D$4:$D$712,"2024Q3"),"") -> 377.96992 | T19: =LOOKUP($B19,정책금리_결정!$J$4:$J$49,정책금리_결정!$K$4:$K$49) -> 0.1425 | U19: =IFERROR(AVERAGEIFS(월별!$W$5:$W$70,월별!$C$5:$C$70,"2024Q3"),"") -> 0.12930058 | V19: =IFERROR(AVERAGEIFS(월별!$X$5:$X$70,월별!$C$5:$C$70,"2024Q3"),"") -> 0.13170825 | W19: =IFERROR(AVERAGEIFS(월별!$Y$5:$Y$70,월별!$C$5:$C$70,"2024Q3"),"") -> 0.13863644 | X19: =IFERROR(AVERAGEIFS(월별!$Z$5:$Z$70,월별!$C$5:$C$70,"2024Q3"),"") | Y19: =IFERROR(AVERAGEIFS(월별!$AA$5:$AA$70,월별!$C$5:$C$70,"2024Q3"),"") -> 93.358586 | Z19: =IFERROR(AVERAGEIFS(월별!$AB$5:$AB$70,월별!$C$5:$C$70,"2024Q3"),"") -> 0.13270043
A20: 2024Q4 | B20: =EOMONTH(DATE(2024,12,1),0) -> 45657 | C20: =LOOKUP($B20,정책금리_결정!$A$4:$A$70,정책금리_결정!$B$4:$B$70) -> 0.0025 | D20: =IFERROR(AVERAGEIFS(월별!$F$5:$F$70,월별!$C$5:$C$70,"2024Q4"),"") -> 0.0052686111 | E20: =IFERROR(AVERAGEIFS(월별!$G$5:$G$70,월별!$C$5:$C$70,"2024Q4"),"") -> 0.0087333333 | F20: =IFERROR(AVERAGEIFS(월별!$H$5:$H$70,월별!$C$5:$C$70,"2024Q4"),"") -> 0.0081866667 | G20: =IFERROR(AVERAGEIFS(월별!$I$5:$I$70,월별!$C$5:$C$70,"2024Q4"),"") -> 34.647222 | H20: =LOOKUP($B20,정책금리_결정!$D$4:$D$70,정책금리_결정!$E$4:$E$70) -> 0.031 | I20: =IFERROR(AVERAGEIFS(월별!$K$5:$K$70,월별!$C$5:$C$70,"2024Q4"),"") -> 0.014567276 | J20: =IFERROR(AVERAGEIFS(월별!$L$5:$L$70,월별!$C$5:$C$70,"2024Q4"),"") -> 0.019667345 | K20: =IFERROR(AVERAGEIFS(월별!$M$5:$M$70,월별!$C$5:$C$70,"2024Q4"),"") -> 0.020885458 | L20: =IFERROR(AVERAGEIFS(월별!$N$5:$N$70,월별!$C$5:$C$70,"2024Q4"),"") -> 51.00069 | M20: =LOOKUP($B20,정책금리_결정!$G$4:$G$9,정책금리_결정!$H$4:$H$9) -> 0.045 | N20: =IFERROR(AVERAGEIFS(월별!$P$5:$P$70,월별!$C$5:$C$70,"2024Q4"),"") -> 0.019933789 | O20: =IFERROR(SUMIFS(VN_은행채발행!$T$4:$T$712,VN_은행채발행!$D$4:$D$712,"2024Q4")/SUMIFS(VN_은행채발행!$I$4:$I$712,VN_은행채발행!$D$4:$D$712,"2024Q4",VN_은행채발행!$S$4:$S$712,1),"") -> 0.054043478 | P20: =SUMIFS(월별!$R$5:$R$70,월별!$C$5:$C$70,"2024Q4") -> 27 | Q20: =IFERROR(SUMIFS(VN_은행채발행!$U$4:$U$712,VN_은행채발행!$D$4:$D$712,"2024Q4")/SUMIFS(VN_은행채발행!$Y$4:$Y$712,VN_은행채발행!$D$4:$D$712,"2024Q4"),"") -> 340.85813 | R20: =IFERROR(SUMIFS(VN_은행채발행!$W$4:$W$712,VN_은행채발행!$D$4:$D$712,"2024Q4")/SUMIFS(VN_은행채발행!$I$4:$I$712,VN_은행채발행!$D$4:$D$712,"2024Q4",VN_은행채발행!$V$4:$V$712,1),"") -> 0.049 | S20: =IFERROR(SUMIFS(VN_은행채발행!$X$4:$X$712,VN_은행채발행!$D$4:$D$712,"2024Q4")/SUMIFS(VN_은행채발행!$Z$4:$Z$712,VN_은행채발행!$D$4:$D$712,"2024Q4"),"") -> 295.5 | T20: =LOOKUP($B20,정책금리_결정!$J$4:$J$49,정책금리_결정!$K$4:$K$49) -> 0.1525 | U20: =IFERROR(AVERAGEIFS(월별!$W$5:$W$70,월별!$C$5:$C$70,"2024Q4"),"") -> 0.12181818 | V20: =IFERROR(AVERAGEIFS(월별!$X$5:$X$70,월별!$C$5:$C$70,"2024Q4"),"") -> 0.13115289 | W20: =IFERROR(AVERAGEIFS(월별!$Y$5:$Y$70,월별!$C$5:$C$70,"2024Q4"),"") -> 0.13687345 | X20: =IFERROR(AVERAGEIFS(월별!$Z$5:$Z$70,월별!$C$5:$C$70,"2024Q4"),"") | Y20: =IFERROR(AVERAGEIFS(월별!$AA$5:$AA$70,월별!$C$5:$C$70,"2024Q4"),"") -> 150.55267 | Z20: =IFERROR(AVERAGEIFS(월별!$AB$5:$AB$70,월별!$C$5:$C$70,"2024Q4"),"") -> 0.14114596
A21: 2025Q1 | B21: =EOMONTH(DATE(2025,3,1),0) -> 45747 | C21: =LOOKUP($B21,정책금리_결정!$A$4:$A$70,정책금리_결정!$B$4:$B$70) -> 0.005 | D21: =IFERROR(AVERAGEIFS(월별!$F$5:$F$70,월별!$C$5:$C$70,"2025Q1"),"") -> 0.0082258626 | E21: =IFERROR(AVERAGEIFS(월별!$G$5:$G$70,월별!$C$5:$C$70,"2025Q1"),"") -> 0.011833333 | F21: =IFERROR(AVERAGEIFS(월별!$H$5:$H$70,월별!$C$5:$C$70,"2025Q1"),"") -> 0.011193333 | G21: =IFERROR(AVERAGEIFS(월별!$I$5:$I$70,월별!$C$5:$C$70,"2025Q1"),"") -> 36.074708 | H21: =LOOKUP($B21,정책금리_결정!$D$4:$D$70,정책금리_결정!$E$4:$E$70) -> 0.031 | I21: =IFERROR(AVERAGEIFS(월별!$K$5:$K$70,월별!$C$5:$C$70,"2025Q1"),"") -> 0.014192209 | J21: =IFERROR(AVERAGEIFS(월별!$L$5:$L$70,월별!$C$5:$C$70,"2025Q1"),"") -> 0.018138994 | K21: =IFERROR(AVERAGEIFS(월별!$M$5:$M$70,월별!$C$5:$C$70,"2025Q1"),"") -> 0.019266967 | L21: =IFERROR(AVERAGEIFS(월별!$N$5:$N$70,월별!$C$5:$C$70,"2025Q1"),"") -> 39.467853 | M21: =LOOKUP($B21,정책금리_결정!$G$4:$G$9,정책금리_결정!$H$4:$H$9) -> 0.045 | N21: =IFERROR(AVERAGEIFS(월별!$P$5:$P$70,월별!$C$5:$C$70,"2025Q1"),"") -> 0.022368904 | O21: =IFERROR(SUMIFS(VN_은행채발행!$T$4:$T$712,VN_은행채발행!$D$4:$D$712,"2025Q1")/SUMIFS(VN_은행채발행!$I$4:$I$712,VN_은행채발행!$D$4:$D$712,"2025Q1",VN_은행채발행!$S$4:$S$712,1),"") | P21: =SUMIFS(월별!$R$5:$R$70,월별!$C$5:$C$70,"2025Q1") -> 0 | Q21: =IFERROR(SUMIFS(VN_은행채발행!$U$4:$U$712,VN_은행채발행!$D$4:$D$712,"2025Q1")/SUMIFS(VN_은행채발행!$Y$4:$Y$712,VN_은행채발행!$D$4:$D$712,"2025Q1"),"") | R21: =IFERROR(SUMIFS(VN_은행채발행!$W$4:$W$712,VN_은행채발행!$D$4:$D$712,"2025Q1")/SUMIFS(VN_은행채발행!$I$4:$I$712,VN_은행채발행!$D$4:$D$712,"2025Q1",VN_은행채발행!$V$4:$V$712,1),"") | S21: =IFERROR(SUMIFS(VN_은행채발행!$X$4:$X$712,VN_은행채발행!$D$4:$D$712,"2025Q1")/SUMIFS(VN_은행채발행!$Z$4:$Z$712,VN_은행채발행!$D$4:$D$712,"2025Q1"),"") | T21: =LOOKUP($B21,정책금리_결정!$J$4:$J$49,정책금리_결정!$K$4:$K$49) -> 0.165 | U21: =IFERROR(AVERAGEIFS(월별!$W$5:$W$70,월별!$C$5:$C$70,"2025Q1"),"") -> 0.13066922 | V21: =IFERROR(AVERAGEIFS(월별!$X$5:$X$70,월별!$C$5:$C$70,"2025Q1"),"") -> 0.13619253 | W21: =IFERROR(AVERAGEIFS(월별!$Y$5:$Y$70,월별!$C$5:$C$70,"2025Q1"),"") -> 0.14144471 | X21: =IFERROR(AVERAGEIFS(월별!$Z$5:$Z$70,월별!$C$5:$C$70,"2025Q1"),"") | Y21: =IFERROR(AVERAGEIFS(월별!$AA$5:$AA$70,월별!$C$5:$C$70,"2025Q1"),"") -> 107.7549 | Z21: =IFERROR(AVERAGEIFS(월별!$AB$5:$AB$70,월별!$C$5:$C$70,"2025Q1"),"") -> 0.15046304
A22: 2025Q2 | B22: =EOMONTH(DATE(2025,6,1),0) -> 45838 | C22: =LOOKUP($B22,정책금리_결정!$A$4:$A$70,정책금리_결정!$B$4:$B$70) -> 0.005 | D22: =IFERROR(AVERAGEIFS(월별!$F$5:$F$70,월별!$C$5:$C$70,"2025Q2"),"") -> 0.0076300556 | E22: =IFERROR(AVERAGEIFS(월별!$G$5:$G$70,월별!$C$5:$C$70,"2025Q2"),"") -> 0.011086667 | F22: =IFERROR(AVERAGEIFS(월별!$H$5:$H$70,월별!$C$5:$C$70,"2025Q2"),"") -> 0.010466667 | G22: =IFERROR(AVERAGEIFS(월별!$I$5:$I$70,월별!$C$5:$C$70,"2025Q2"),"") -> 34.566111 | H22: =LOOKUP($B22,정책금리_결정!$D$4:$D$70,정책금리_결정!$E$4:$E$70) -> 0.03 | I22: =IFERROR(AVERAGEIFS(월별!$K$5:$K$70,월별!$C$5:$C$70,"2025Q2"),"") -> 0.014690699 | J22: =IFERROR(AVERAGEIFS(월별!$L$5:$L$70,월별!$C$5:$C$70,"2025Q2"),"") -> 0.017759578 | K22: =IFERROR(AVERAGEIFS(월별!$M$5:$M$70,월별!$C$5:$C$70,"2025Q2"),"") -> 0.018622169 | L22: =IFERROR(AVERAGEIFS(월별!$N$5:$N$70,월별!$C$5:$C$70,"2025Q2"),"") -> 30.688784 | M22: =LOOKUP($B22,정책금리_결정!$G$4:$G$9,정책금리_결정!$H$4:$H$9) -> 0.045 | N22: =IFERROR(AVERAGEIFS(월별!$P$5:$P$70,월별!$C$5:$C$70,"2025Q2"),"") -> 0.02324969 | O22: =IFERROR(SUMIFS(VN_은행채발행!$T$4:$T$712,VN_은행채발행!$D$4:$D$712,"2025Q2")/SUMIFS(VN_은행채발행!$I$4:$I$712,VN_은행채발행!$D$4:$D$712,"2025Q2",VN_은행채발행!$S$4:$S$712,1),"") -> 0.052409534 | P22: =SUMIFS(월별!$R$5:$R$70,월별!$C$5:$C$70,"2025Q2") -> 51 | Q22: =IFERROR(SUMIFS(VN_은행채발행!$U$4:$U$712,VN_은행채발행!$D$4:$D$712,"2025Q2")/SUMIFS(VN_은행채발행!$Y$4:$Y$712,VN_은행채발행!$D$4:$D$712,"2025Q2"),"") -> 291.7672 | R22: =IFERROR(SUMIFS(VN_은행채발행!$W$4:$W$712,VN_은행채발행!$D$4:$D$712,"2025Q2")/SUMIFS(VN_은행채발행!$I$4:$I$712,VN_은행채발행!$D$4:$D$712,"2025Q2",VN_은행채발행!$V$4:$V$712,1),"") | S22: =IFERROR(SUMIFS(VN_은행채발행!$X$4:$X$712,VN_은행채발행!$D$4:$D$712,"2025Q2")/SUMIFS(VN_은행채발행!$Z$4:$Z$712,VN_은행채발행!$D$4:$D$712,"2025Q2"),"") | T22: =LOOKUP($B22,정책금리_결정!$J$4:$J$49,정책금리_결정!$K$4:$K$49) -> 0.165 | U22: =IFERROR(AVERAGEIFS(월별!$W$5:$W$70,월별!$C$5:$C$70,"2025Q2"),"") -> 0.15690662 | V22: =IFERROR(AVERAGEIFS(월별!$X$5:$X$70,월별!$C$5:$C$70,"2025Q2"),"") -> 0.15708343 | W22: =IFERROR(AVERAGEIFS(월별!$Y$5:$Y$70,월별!$C$5:$C$70,"2025Q2"),"") -> 0.1473918 | X22: =IFERROR(AVERAGEIFS(월별!$Z$5:$Z$70,월별!$C$5:$C$70,"2025Q2"),"") | Y22: =IFERROR(AVERAGEIFS(월별!$AA$5:$AA$70,월별!$C$5:$C$70,"2025Q2"),"") -> -95.148166 | Z22: =IFERROR(AVERAGEIFS(월별!$AB$5:$AB$70,월별!$C$5:$C$70,"2025Q2"),"") -> 0.15699642
A23: 2025Q3 | B23: =EOMONTH(DATE(2025,9,1),0) -> 45930 | C23: =LOOKUP($B23,정책금리_결정!$A$4:$A$70,정책금리_결정!$B$4:$B$70) -> 0.005 | D23: =IFERROR(AVERAGEIFS(월별!$F$5:$F$70,월별!$C$5:$C$70,"2025Q3"),"") -> 0.0090320303 | E23: =IFERROR(AVERAGEIFS(월별!$G$5:$G$70,월별!$C$5:$C$70,"2025Q3"),"") -> 0.012853333 | F23: =IFERROR(AVERAGEIFS(월별!$H$5:$H$70,월별!$C$5:$C$70,"2025Q3"),"") -> 0.01221 | G23: =IFERROR(AVERAGEIFS(월별!$I$5:$I$70,월별!$C$5:$C$70,"2025Q3"),"") -> 38.21303 | H23: =LOOKUP($B23,정책금리_결정!$D$4:$D$70,정책금리_결정!$E$4:$E$70) -> 0.03 | I23: =IFERROR(AVERAGEIFS(월별!$K$5:$K$70,월별!$C$5:$C$70,"2025Q3"),"") -> 0.014611297 | J23: =IFERROR(AVERAGEIFS(월별!$L$5:$L$70,월별!$C$5:$C$70,"2025Q3"),"") -> 0.01787416 | K23: =IFERROR(AVERAGEIFS(월별!$M$5:$M$70,월별!$C$5:$C$70,"2025Q3"),"") -> 0.018876395 | L23: =IFERROR(AVERAGEIFS(월별!$N$5:$N$70,월별!$C$5:$C$70,"2025Q3"),"") -> 32.628627 | M23: =LOOKUP($B23,정책금리_결정!$G$4:$G$9,정책금리_결정!$H$4:$H$9) -> 0.045 | N23: =IFERROR(AVERAGEIFS(월별!$P$5:$P$70,월별!$C$5:$C$70,"2025Q3"),"") -> 0.027265211 | O23: =IFERROR(SUMIFS(VN_은행채발행!$T$4:$T$712,VN_은행채발행!$D$4:$D$712,"2025Q3")/SUMIFS(VN_은행채발행!$I$4:$I$712,VN_은행채발행!$D$4:$D$712,"2025Q3",VN_은행채발행!$S$4:$S$712,1),"") -> 0.055443244 | P23: =SUMIFS(월별!$R$5:$R$70,월별!$C$5:$C$70,"2025Q3") -> 24 | Q23: =IFERROR(SUMIFS(VN_은행채발행!$U$4:$U$712,VN_은행채발행!$D$4:$D$712,"2025Q3")/SUMIFS(VN_은행채발행!$Y$4:$Y$712,VN_은행채발행!$D$4:$D$712,"2025Q3"),"") -> 285.33107 | R23: =IFERROR(SUMIFS(VN_은행채발행!$W$4:$W$712,VN_은행채발행!$D$4:$D$712,"2025Q3")/SUMIFS(VN_은행채발행!$I$4:$I$712,VN_은행채발행!$D$4:$D$712,"2025Q3",VN_은행채발행!$V$4:$V$712,1),"") -> 0.052 | S23: =IFERROR(SUMIFS(VN_은행채발행!$X$4:$X$712,VN_은행채발행!$D$4:$D$712,"2025Q3")/SUMIFS(VN_은행채발행!$Z$4:$Z$712,VN_은행채발행!$D$4:$D$712,"2025Q3"),"") -> 280.4 | T23: =LOOKUP($B23,정책금리_결정!$J$4:$J$49,정책금리_결정!$K$4:$K$49) -> 0.165 | U23: =IFERROR(AVERAGEIFS(월별!$W$5:$W$70,월별!$C$5:$C$70,"2025Q3"),"") -> 0.16922662 | V23: =IFERROR(AVERAGEIFS(월별!$X$5:$X$70,월별!$C$5:$C$70,"2025Q3"),"") -> 0.16981443 | W23: =IFERROR(AVERAGEIFS(월별!$Y$5:$Y$70,월별!$C$5:$C$70,"2025Q3"),"") -> 0.15821991 | X23: =IFERROR(AVERAGEIFS(월별!$Z$5:$Z$70,월별!$C$5:$C$70,"2025Q3"),"") | Y23: =IFERROR(AVERAGEIFS(월별!$AA$5:$AA$70,월별!$C$5:$C$70,"2025Q3"),"") -> -110.0671 | Z23: =IFERROR(AVERAGEIFS(월별!$AB$5:$AB$70,월별!$C$5:$C$70,"2025Q3"),"") -> 0.15658391
A24: 2025Q4 | B24: =EOMONTH(DATE(2025,12,1),0) -> 46022 | C24: =LOOKUP($B24,정책금리_결정!$A$4:$A$70,정책금리_결정!$B$4:$B$70) -> 0.0075 | D24: =IFERROR(AVERAGEIFS(월별!$F$5:$F$70,월별!$C$5:$C$70,"2025Q4"),"") -> 0.010759226 | E24: =IFERROR(AVERAGEIFS(월별!$G$5:$G$70,월별!$C$5:$C$70,"2025Q4"),"") -> 0.014611667 | F24: =IFERROR(AVERAGEIFS(월별!$H$5:$H$70,월별!$C$5:$C$70,"2025Q4"),"") -> 0.013931667 | G24: =IFERROR(AVERAGEIFS(월별!$I$5:$I$70,월별!$C$5:$C$70,"2025Q4"),"") -> 38.524411 | H24: =LOOKUP($B24,정책금리_결정!$D$4:$D$70,정책금리_결정!$E$4:$E$70) -> 0.03 | I24: =IFERROR(AVERAGEIFS(월별!$K$5:$K$70,월별!$C$5:$C$70,"2025Q4"),"") -> 0.014478008 | J24: =IFERROR(AVERAGEIFS(월별!$L$5:$L$70,월별!$C$5:$C$70,"2025Q4"),"") -> 0.018370641 | K24: =IFERROR(AVERAGEIFS(월별!$M$5:$M$70,월별!$C$5:$C$70,"2025Q4"),"") -> 0.019115426 | L24: =IFERROR(AVERAGEIFS(월별!$N$5:$N$70,월별!$C$5:$C$70,"2025Q4"),"") -> 38.926331 | M24: =LOOKUP($B24,정책금리_결정!$G$4:$G$9,정책금리_결정!$H$4:$H$9) -> 0.045 | N24: =IFERROR(AVERAGEIFS(월별!$P$5:$P$70,월별!$C$5:$C$70,"2025Q4"),"") -> 0.030942667 | O24: =IFERROR(SUMIFS(VN_은행채발행!$T$4:$T$712,VN_은행채발행!$D$4:$D$712,"2025Q4")/SUMIFS(VN_은행채발행!$I$4:$I$712,VN_은행채발행!$D$4:$D$712,"2025Q4",VN_은행채발행!$S$4:$S$712,1),"") -> 0.065975885 | P24: =SUMIFS(월별!$R$5:$R$70,월별!$C$5:$C$70,"2025Q4") -> 32 | Q24: =IFERROR(SUMIFS(VN_은행채발행!$U$4:$U$712,VN_은행채발행!$D$4:$D$712,"2025Q4")/SUMIFS(VN_은행채발행!$Y$4:$Y$712,VN_은행채발행!$D$4:$D$712,"2025Q4"),"") -> 349.9584 | R24: =IFERROR(SUMIFS(VN_은행채발행!$W$4:$W$712,VN_은행채발행!$D$4:$D$712,"2025Q4")/SUMIFS(VN_은행채발행!$I$4:$I$712,VN_은행채발행!$D$4:$D$712,"2025Q4",VN_은행채발행!$V$4:$V$712,1),"") -> 0.058 | S24: =IFERROR(SUMIFS(VN_은행채발행!$X$4:$X$712,VN_은행채발행!$D$4:$D$712,"2025Q4")/SUMIFS(VN_은행채발행!$Z$4:$Z$712,VN_은행채발행!$D$4:$D$712,"2025Q4"),"") -> 268 | T24: =LOOKUP($B24,정책금리_결정!$J$4:$J$49,정책금리_결정!$K$4:$K$49) -> 0.18 | U24: =IFERROR(AVERAGEIFS(월별!$W$5:$W$70,월별!$C$5:$C$70,"2025Q4"),"") -> 0.16878773 | V24: =IFERROR(AVERAGEIFS(월별!$X$5:$X$70,월별!$C$5:$C$70,"2025Q4"),"") -> 0.16931908 | W24: =IFERROR(AVERAGEIFS(월별!$Y$5:$Y$70,월별!$C$5:$C$70,"2025Q4"),"") -> 0.16810091 | X24: =IFERROR(AVERAGEIFS(월별!$Z$5:$Z$70,월별!$C$5:$C$70,"2025Q4"),"") | Y24: =IFERROR(AVERAGEIFS(월별!$AA$5:$AA$70,월별!$C$5:$C$70,"2025Q4"),"") -> -6.8681818 | Z24: =IFERROR(AVERAGEIFS(월별!$AB$5:$AB$70,월별!$C$5:$C$70,"2025Q4"),"") -> 0.16919348
A25: 2026Q1 | B25: =EOMONTH(DATE(2026,3,1),0) -> 46112 | C25: =LOOKUP($B25,정책금리_결정!$A$4:$A$70,정책금리_결정!$B$4:$B$70) -> 0.0075 | D25: =IFERROR(AVERAGEIFS(월별!$F$5:$F$70,월별!$C$5:$C$70,"2026Q1"),"") -> 0.013812416 | E25: =IFERROR(AVERAGEIFS(월별!$G$5:$G$70,월별!$C$5:$C$70,"2026Q1"),"") -> 0.018056667 | F25: =IFERROR(AVERAGEIFS(월별!$H$5:$H$70,월별!$C$5:$C$70,"2026Q1"),"") -> 0.01714 | G25: =IFERROR(AVERAGEIFS(월별!$I$5:$I$70,월별!$C$5:$C$70,"2026Q1"),"") -> 42.442509 | H25: =LOOKUP($B25,정책금리_결정!$D$4:$D$70,정책금리_결정!$E$4:$E$70) -> 0.03 | I25: =IFERROR(AVERAGEIFS(월별!$K$5:$K$70,월별!$C$5:$C$70,"2026Q1"),"") -> 0.013890807 | J25: =IFERROR(AVERAGEIFS(월별!$L$5:$L$70,월별!$C$5:$C$70,"2026Q1"),"") -> 0.01754484 | K25: =IFERROR(AVERAGEIFS(월별!$M$5:$M$70,월별!$C$5:$C$70,"2026Q1"),"") -> 0.018284419 | L25: =IFERROR(AVERAGEIFS(월별!$N$5:$N$70,월별!$C$5:$C$70,"2026Q1"),"") -> 36.54033 | M25: =LOOKUP($B25,정책금리_결정!$G$4:$G$9,정책금리_결정!$H$4:$H$9) -> 0.045 | N25: =IFERROR(AVERAGEIFS(월별!$P$5:$P$70,월별!$C$5:$C$70,"2026Q1"),"") -> 0.033728909 | O25: =IFERROR(SUMIFS(VN_은행채발행!$T$4:$T$712,VN_은행채발행!$D$4:$D$712,"2026Q1")/SUMIFS(VN_은행채발행!$I$4:$I$712,VN_은행채발행!$D$4:$D$712,"2026Q1",VN_은행채발행!$S$4:$S$712,1),"") | P25: =SUMIFS(월별!$R$5:$R$70,월별!$C$5:$C$70,"2026Q1") -> 0 | Q25: =IFERROR(SUMIFS(VN_은행채발행!$U$4:$U$712,VN_은행채발행!$D$4:$D$712,"2026Q1")/SUMIFS(VN_은행채발행!$Y$4:$Y$712,VN_은행채발행!$D$4:$D$712,"2026Q1"),"") | R25: =IFERROR(SUMIFS(VN_은행채발행!$W$4:$W$712,VN_은행채발행!$D$4:$D$712,"2026Q1")/SUMIFS(VN_은행채발행!$I$4:$I$712,VN_은행채발행!$D$4:$D$712,"2026Q1",VN_은행채발행!$V$4:$V$712,1),"") | S25: =IFERROR(SUMIFS(VN_은행채발행!$X$4:$X$712,VN_은행채발행!$D$4:$D$712,"2026Q1")/SUMIFS(VN_은행채발행!$Z$4:$Z$712,VN_은행채발행!$D$4:$D$712,"2026Q1"),"") | T25: =LOOKUP($B25,정책금리_결정!$J$4:$J$49,정책금리_결정!$K$4:$K$49) -> 0.18 | U25: =IFERROR(AVERAGEIFS(월별!$W$5:$W$70,월별!$C$5:$C$70,"2026Q1"),"") -> 0.16202639 | V25: =IFERROR(AVERAGEIFS(월별!$X$5:$X$70,월별!$C$5:$C$70,"2026Q1"),"") -> 0.15925458 | W25: =IFERROR(AVERAGEIFS(월별!$Y$5:$Y$70,월별!$C$5:$C$70,"2026Q1"),"") -> 0.16690683 | X25: =IFERROR(AVERAGEIFS(월별!$Z$5:$Z$70,월별!$C$5:$C$70,"2026Q1"),"") | Y25: =IFERROR(AVERAGEIFS(월별!$AA$5:$AA$70,월별!$C$5:$C$70,"2026Q1"),"") -> 48.804386 | Z25: =IFERROR(AVERAGEIFS(월별!$AB$5:$AB$70,월별!$C$5:$C$70,"2026Q1"),"") -> 0.17492913
A26: 2026Q2 | B26: =EOMONTH(DATE(2026,6,1),0) -> 46203 | C26: =LOOKUP($B26,정책금리_결정!$A$4:$A$70,정책금리_결정!$B$4:$B$70) -> 0.01 | D26: =IFERROR(AVERAGEIFS(월별!$F$5:$F$70,월별!$C$5:$C$70,"2026Q2"),"") -> 0.015583651 | E26: =IFERROR(AVERAGEIFS(월별!$G$5:$G$70,월별!$C$5:$C$70,"2026Q2"),"") -> 0.0199 | F26: =IFERROR(AVERAGEIFS(월별!$H$5:$H$70,월별!$C$5:$C$70,"2026Q2"),"") -> 0.019043333 | G26: =IFERROR(AVERAGEIFS(월별!$I$5:$I$70,월별!$C$5:$C$70,"2026Q2"),"") -> 43.163492 | H26: =LOOKUP($B26,정책금리_결정!$D$4:$D$70,정책금리_결정!$E$4:$E$70) -> 0.03 | I26: =IFERROR(AVERAGEIFS(월별!$K$5:$K$70,월별!$C$5:$C$70,"2026Q2"),"") -> 0.013022781 | J26: =IFERROR(AVERAGEIFS(월별!$L$5:$L$70,월별!$C$5:$C$70,"2026Q2"),"") -> 0.015567711 | K26: =IFERROR(AVERAGEIFS(월별!$M$5:$M$70,월별!$C$5:$C$70,"2026Q2"),"") -> 0.016856044 | L26: =IFERROR(AVERAGEIFS(월별!$N$5:$N$70,월별!$C$5:$C$70,"2026Q2"),"") -> 25.449298 | M26: =LOOKUP($B26,정책금리_결정!$G$4:$G$9,정책금리_결정!$H$4:$H$9) -> 0.045 | N26: =IFERROR(AVERAGEIFS(월별!$P$5:$P$70,월별!$C$5:$C$70,"2026Q2"),"") -> 0.036394336 | O26: =IFERROR(SUMIFS(VN_은행채발행!$T$4:$T$712,VN_은행채발행!$D$4:$D$712,"2026Q2")/SUMIFS(VN_은행채발행!$I$4:$I$712,VN_은행채발행!$D$4:$D$712,"2026Q2",VN_은행채발행!$S$4:$S$712,1),"") -> 0.084719111 | P26: =SUMIFS(월별!$R$5:$R$70,월별!$C$5:$C$70,"2026Q2") -> 27 | Q26: =IFERROR(SUMIFS(VN_은행채발행!$U$4:$U$712,VN_은행채발행!$D$4:$D$712,"2026Q2")/SUMIFS(VN_은행채발행!$Y$4:$Y$712,VN_은행채발행!$D$4:$D$712,"2026Q2"),"") -> 485.46287 | R26: =IFERROR(SUMIFS(VN_은행채발행!$W$4:$W$712,VN_은행채발행!$D$4:$D$712,"2026Q2")/SUMIFS(VN_은행채발행!$I$4:$I$712,VN_은행채발행!$D$4:$D$712,"2026Q2",VN_은행채발행!$V$4:$V$712,1),"") | S26: =IFERROR(SUMIFS(VN_은행채발행!$X$4:$X$712,VN_은행채발행!$D$4:$D$712,"2026Q2")/SUMIFS(VN_은행채발행!$Z$4:$Z$712,VN_은행채발행!$D$4:$D$712,"2026Q2"),"") | T26: =LOOKUP($B26,정책금리_결정!$J$4:$J$49,정책금리_결정!$K$4:$K$49) -> 0.17 | U26: =IFERROR(AVERAGEIFS(월별!$W$5:$W$70,월별!$C$5:$C$70,"2026Q2"),"") -> 0.16273886 | V26: =IFERROR(AVERAGEIFS(월별!$X$5:$X$70,월별!$C$5:$C$70,"2026Q2"),"") -> 0.16645955 | W26: =IFERROR(AVERAGEIFS(월별!$Y$5:$Y$70,월별!$C$5:$C$70,"2026Q2"),"") -> 0.16699011 | X26: =IFERROR(AVERAGEIFS(월별!$Z$5:$Z$70,월별!$C$5:$C$70,"2026Q2"),"") -> 0.15287995 | Y26: =IFERROR(AVERAGEIFS(월별!$AA$5:$AA$70,월별!$C$5:$C$70,"2026Q2"),"") -> 42.512478 | Z26: =IFERROR(AVERAGEIFS(월별!$AB$5:$AB$70,월별!$C$5:$C$70,"2026Q2"),"") -> 0.17598948
A27: 연도별
A28: 2021 | B28: =EOMONTH(DATE(2021,12,1),0) -> 44561 | C28: =LOOKUP($B28,정책금리_결정!$A$4:$A$70,정책금리_결정!$B$4:$B$70) -> -0.001 | D28: =IFERROR(AVERAGEIFS(월별!$F$5:$F$70,월별!$D$5:$D$70,2021),"") -> -0.0012611274 | E28: =IFERROR(AVERAGEIFS(월별!$G$5:$G$70,월별!$D$5:$D$70,2021),"") -> 0.0012126326 | F28: =IFERROR(AVERAGEIFS(월별!$H$5:$H$70,월별!$D$5:$D$70,2021),"") -> 0.00092759091 | G28: =IFERROR(AVERAGEIFS(월별!$I$5:$I$70,월별!$D$5:$D$70,2021),"") -> 24.737599 | H28: =LOOKUP($B28,정책금리_결정!$D$4:$D$70,정책금리_결정!$E$4:$E$70) -> 0.038 | I28: =IFERROR(AVERAGEIFS(월별!$K$5:$K$70,월별!$D$5:$D$70,2021),"") -> 0.027151566 | J28: =IFERROR(AVERAGEIFS(월별!$L$5:$L$70,월별!$D$5:$D$70,2021),"") -> 0.03150444 | K28: =IFERROR(AVERAGEIFS(월별!$M$5:$M$70,월별!$D$5:$D$70,2021),"") -> 0.033350519 | L28: =IFERROR(AVERAGEIFS(월별!$N$5:$N$70,월별!$D$5:$D$70,2021),"") -> 43.528741 | M28: =LOOKUP($B28,정책금리_결정!$G$4:$G$9,정책금리_결정!$H$4:$H$9) -> 0.04 | N28: =IFERROR(AVERAGEIFS(월별!$P$5:$P$70,월별!$D$5:$D$70,2021),"") -> 0.0069512894 | O28: =IFERROR(SUMIFS(VN_은행채발행!$T$4:$T$712,VN_은행채발행!$C$4:$C$712,">="&DATE(2021,1,1),VN_은행채발행!$C$4:$C$712,"<="&$B28)/SUMIFS(VN_은행채발행!$I$4:$I$712,VN_은행채발행!$C$4:$C$712,">="&DATE(2021,1,1),VN_은행채발행!$C$4:$C$712,"<="&$B28,VN_은행채발행!$S$4:$S$712,1),"") -> 0.034487582 | P28: =SUMIFS(월별!$R$5:$R$70,월별!$D$5:$D$70,2021) -> 32 | Q28: =IFERROR(SUMIFS(VN_은행채발행!$U$4:$U$712,VN_은행채발행!$C$4:$C$712,">="&DATE(2021,1,1),VN_은행채발행!$C$4:$C$712,"<="&$B28)/SUMIFS(VN_은행채발행!$Y$4:$Y$712,VN_은행채발행!$C$4:$C$712,">="&DATE(2021,1,1),VN_은행채발행!$C$4:$C$712,"<="&$B28),"") -> 278.68477 | R28: =IFERROR(SUMIFS(VN_은행채발행!$W$4:$W$712,VN_은행채발행!$C$4:$C$712,">="&DATE(2021,1,1),VN_은행채발행!$C$4:$C$712,"<="&$B28)/SUMIFS(VN_은행채발행!$I$4:$I$712,VN_은행채발행!$C$4:$C$712,">="&DATE(2021,1,1),VN_은행채발행!$C$4:$C$712,"<="&$B28,VN_은행채발행!$V$4:$V$712,1),"") | S28: =IFERROR(SUMIFS(VN_은행채발행!$X$4:$X$712,VN_은행채발행!$C$4:$C$712,">="&DATE(2021,1,1),VN_은행채발행!$C$4:$C$712,"<="&$B28)/SUMIFS(VN_은행채발행!$Z$4:$Z$712,VN_은행채발행!$C$4:$C$712,">="&DATE(2021,1,1),VN_은행채발행!$C$4:$C$712,"<="&$B28),"") | T28: =LOOKUP($B28,정책금리_결정!$J$4:$J$49,정책금리_결정!$K$4:$K$49) -> 0.0975 | U28: =IFERROR(AVERAGEIFS(월별!$W$5:$W$70,월별!$D$5:$D$70,2021),"") | V28: =IFERROR(AVERAGEIFS(월별!$X$5:$X$70,월별!$D$5:$D$70,2021),"") | W28: =IFERROR(AVERAGEIFS(월별!$Y$5:$Y$70,월별!$D$5:$D$70,2021),"") -> 0.10488374 | X28: =IFERROR(AVERAGEIFS(월별!$Z$5:$Z$70,월별!$D$5:$D$70,2021),"") | Y28: =IFERROR(AVERAGEIFS(월별!$AA$5:$AA$70,월별!$D$5:$D$70,2021),"") | Z28: =IFERROR(AVERAGEIFS(월별!$AB$5:$AB$70,월별!$D$5:$D$70,2021),"") -> 0.088768739
A29: 2022 | B29: =EOMONTH(DATE(2022,12,1),0) -> 44926 | C29: =LOOKUP($B29,정책금리_결정!$A$4:$A$70,정책금리_결정!$B$4:$B$70) -> -0.001 | D29: =IFERROR(AVERAGEIFS(월별!$F$5:$F$70,월별!$D$5:$D$70,2022),"") -> -0.00042349526 | E29: =IFERROR(AVERAGEIFS(월별!$G$5:$G$70,월별!$D$5:$D$70,2022),"") -> 0.0021356944 | F29: =IFERROR(AVERAGEIFS(월별!$H$5:$H$70,월별!$D$5:$D$70,2022),"") -> 0.0017743056 | G29: =IFERROR(AVERAGEIFS(월별!$I$5:$I$70,월별!$D$5:$D$70,2022),"") -> 25.591897 | H29: =LOOKUP($B29,정책금리_결정!$D$4:$D$70,정책금리_결정!$E$4:$E$70) -> 0.0365 | I29: =IFERROR(AVERAGEIFS(월별!$K$5:$K$70,월별!$D$5:$D$70,2022),"") -> 0.023530715 | J29: =IFERROR(AVERAGEIFS(월별!$L$5:$L$70,월별!$D$5:$D$70,2022),"") -> 0.027227068 | K29: =IFERROR(AVERAGEIFS(월별!$M$5:$M$70,월별!$D$5:$D$70,2022),"") -> 0.028621912 | L29: =IFERROR(AVERAGEIFS(월별!$N$5:$N$70,월별!$D$5:$D$70,2022),"") -> 36.963532 | M29: =LOOKUP($B29,정책금리_결정!$G$4:$G$9,정책금리_결정!$H$4:$H$9) -> 0.06 | N29: =IFERROR(AVERAGEIFS(월별!$P$5:$P$70,월별!$D$5:$D$70,2022),"") -> 0.028568257 | O29: =IFERROR(SUMIFS(VN_은행채발행!$T$4:$T$712,VN_은행채발행!$C$4:$C$712,">="&DATE(2022,1,1),VN_은행채발행!$C$4:$C$712,"<="&$B29)/SUMIFS(VN_은행채발행!$I$4:$I$712,VN_은행채발행!$C$4:$C$712,">="&DATE(2022,1,1),VN_은행채발행!$C$4:$C$712,"<="&$B29,VN_은행채발행!$S$4:$S$712,1),"") -> 0.043337838 | P29: =SUMIFS(월별!$R$5:$R$70,월별!$D$5:$D$70,2022) -> 8 | Q29: =IFERROR(SUMIFS(VN_은행채발행!$U$4:$U$712,VN_은행채발행!$C$4:$C$712,">="&DATE(2022,1,1),VN_은행채발행!$C$4:$C$712,"<="&$B29)/SUMIFS(VN_은행채발행!$Y$4:$Y$712,VN_은행채발행!$C$4:$C$712,">="&DATE(2022,1,1),VN_은행채발행!$C$4:$C$712,"<="&$B29),"") -> 201.85 | R29: =IFERROR(SUMIFS(VN_은행채발행!$W$4:$W$712,VN_은행채발행!$C$4:$C$712,">="&DATE(2022,1,1),VN_은행채발행!$C$4:$C$712,"<="&$B29)/SUMIFS(VN_은행채발행!$I$4:$I$712,VN_은행채발행!$C$4:$C$712,">="&DATE(2022,1,1),VN_은행채발행!$C$4:$C$712,"<="&$B29,VN_은행채발행!$V$4:$V$712,1),"") -> 0.068 | S29: =IFERROR(SUMIFS(VN_은행채발행!$X$4:$X$712,VN_은행채발행!$C$4:$C$712,">="&DATE(2022,1,1),VN_은행채발행!$C$4:$C$712,"<="&$B29)/SUMIFS(VN_은행채발행!$Z$4:$Z$712,VN_은행채발행!$C$4:$C$712,">="&DATE(2022,1,1),VN_은행채발행!$C$4:$C$712,"<="&$B29),"") | T29: =LOOKUP($B29,정책금리_결정!$J$4:$J$49,정책금리_결정!$K$4:$K$49) -> 0.1675 | U29: =IFERROR(AVERAGEIFS(월별!$W$5:$W$70,월별!$D$5:$D$70,2022),"") -> 0.12950131 | V29: =IFERROR(AVERAGEIFS(월별!$X$5:$X$70,월별!$D$5:$D$70,2022),"") -> 0.13243336 | W29: =IFERROR(AVERAGEIFS(월별!$Y$5:$Y$70,월별!$D$5:$D$70,2022),"") -> 0.11535852 | X29: =IFERROR(AVERAGEIFS(월별!$Z$5:$Z$70,월별!$D$5:$D$70,2022),"") | Y29: =IFERROR(AVERAGEIFS(월별!$AA$5:$AA$70,월별!$D$5:$D$70,2022),"") -> -121.9959 | Z29: =IFERROR(AVERAGEIFS(월별!$AB$5:$AB$70,월별!$D$5:$D$70,2022),"") -> 0.13729019
A30: 2023 | B30: =EOMONTH(DATE(2023,12,1),0) -> 45291 | C30: =LOOKUP($B30,정책금리_결정!$A$4:$A$70,정책금리_결정!$B$4:$B$70) -> -0.001 | D30: =IFERROR(AVERAGEIFS(월별!$F$5:$F$70,월별!$D$5:$D$70,2023),"") -> 0.00027845542 | E30: =IFERROR(AVERAGEIFS(월별!$G$5:$G$70,월별!$D$5:$D$70,2023),"") -> 0.0038008333 | F30: =IFERROR(AVERAGEIFS(월별!$H$5:$H$70,월별!$D$5:$D$70,2023),"") -> 0.0033516667 | G30: =IFERROR(AVERAGEIFS(월별!$I$5:$I$70,월별!$D$5:$D$70,2023),"") -> 35.223779 | H30: =LOOKUP($B30,정책금리_결정!$D$4:$D$70,정책금리_결정!$E$4:$E$70) -> 0.0345 | I30: =IFERROR(AVERAGEIFS(월별!$K$5:$K$70,월별!$D$5:$D$70,2023),"") -> 0.024002417 | J30: =IFERROR(AVERAGEIFS(월별!$L$5:$L$70,월별!$D$5:$D$70,2023),"") -> 0.027649923 | K30: =IFERROR(AVERAGEIFS(월별!$M$5:$M$70,월별!$D$5:$D$70,2023),"") -> 0.029271593 | L30: =IFERROR(AVERAGEIFS(월별!$N$5:$N$70,월별!$D$5:$D$70,2023),"") -> 36.475053 | M30: =LOOKUP($B30,정책금리_결정!$G$4:$G$9,정책금리_결정!$H$4:$H$9) -> 0.045 | N30: =IFERROR(AVERAGEIFS(월별!$P$5:$P$70,월별!$D$5:$D$70,2023),"") -> 0.026549181 | O30: =IFERROR(SUMIFS(VN_은행채발행!$T$4:$T$712,VN_은행채발행!$C$4:$C$712,">="&DATE(2023,1,1),VN_은행채발행!$C$4:$C$712,"<="&$B30)/SUMIFS(VN_은행채발행!$I$4:$I$712,VN_은행채발행!$C$4:$C$712,">="&DATE(2023,1,1),VN_은행채발행!$C$4:$C$712,"<="&$B30,VN_은행채발행!$S$4:$S$712,1),"") -> 0.060451939 | P30: =SUMIFS(월별!$R$5:$R$70,월별!$D$5:$D$70,2023) -> 40 | Q30: =IFERROR(SUMIFS(VN_은행채발행!$U$4:$U$712,VN_은행채발행!$C$4:$C$712,">="&DATE(2023,1,1),VN_은행채발행!$C$4:$C$712,"<="&$B30)/SUMIFS(VN_은행채발행!$Y$4:$Y$712,VN_은행채발행!$C$4:$C$712,">="&DATE(2023,1,1),VN_은행채발행!$C$4:$C$712,"<="&$B30),"") -> 419.29916 | R30: =IFERROR(SUMIFS(VN_은행채발행!$W$4:$W$712,VN_은행채발행!$C$4:$C$712,">="&DATE(2023,1,1),VN_은행채발행!$C$4:$C$712,"<="&$B30)/SUMIFS(VN_은행채발행!$I$4:$I$712,VN_은행채발행!$C$4:$C$712,">="&DATE(2023,1,1),VN_은행채발행!$C$4:$C$712,"<="&$B30,VN_은행채발행!$V$4:$V$712,1),"") | S30: =IFERROR(SUMIFS(VN_은행채발행!$X$4:$X$712,VN_은행채발행!$C$4:$C$712,">="&DATE(2023,1,1),VN_은행채발행!$C$4:$C$712,"<="&$B30)/SUMIFS(VN_은행채발행!$Z$4:$Z$712,VN_은행채발행!$C$4:$C$712,">="&DATE(2023,1,1),VN_은행채발행!$C$4:$C$712,"<="&$B30),"") | T30: =LOOKUP($B30,정책금리_결정!$J$4:$J$49,정책금리_결정!$K$4:$K$49) -> 0.1575 | U30: =IFERROR(AVERAGEIFS(월별!$W$5:$W$70,월별!$D$5:$D$70,2023),"") -> 0.13582836 | V30: =IFERROR(AVERAGEIFS(월별!$X$5:$X$70,월별!$D$5:$D$70,2023),"") -> 0.14559765 | W30: =IFERROR(AVERAGEIFS(월별!$Y$5:$Y$70,월별!$D$5:$D$70,2023),"") -> 0.13910915 | X30: =IFERROR(AVERAGEIFS(월별!$Z$5:$Z$70,월별!$D$5:$D$70,2023),"") | Y30: =IFERROR(AVERAGEIFS(월별!$AA$5:$AA$70,월별!$D$5:$D$70,2023),"") -> 32.807915 | Z30: =IFERROR(AVERAGEIFS(월별!$AB$5:$AB$70,월별!$D$5:$D$70,2023),"") -> 0.16357643
A31: 2024 | B31: =EOMONTH(DATE(2024,12,1),0) -> 45657 | C31: =LOOKUP($B31,정책금리_결정!$A$4:$A$70,정책금리_결정!$B$4:$B$70) -> 0.0025 | D31: =IFERROR(AVERAGEIFS(월별!$F$5:$F$70,월별!$D$5:$D$70,2024),"") -> 0.003446523 | E31: =IFERROR(AVERAGEIFS(월별!$G$5:$G$70,월별!$D$5:$D$70,2024),"") -> 0.0069025 | F31: =IFERROR(AVERAGEIFS(월별!$H$5:$H$70,월별!$D$5:$D$70,2024),"") -> 0.0062716667 | G31: =IFERROR(AVERAGEIFS(월별!$I$5:$I$70,월별!$D$5:$D$70,2024),"") -> 34.55977 | H31: =LOOKUP($B31,정책금리_결정!$D$4:$D$70,정책금리_결정!$E$4:$E$70) -> 0.031 | I31: =IFERROR(AVERAGEIFS(월별!$K$5:$K$70,월별!$D$5:$D$70,2024),"") -> 0.018164367 | J31: =IFERROR(AVERAGEIFS(월별!$L$5:$L$70,월별!$D$5:$D$70,2024),"") -> 0.02174557 | K31: =IFERROR(AVERAGEIFS(월별!$M$5:$M$70,월별!$D$5:$D$70,2024),"") -> 0.022598226 | L31: =IFERROR(AVERAGEIFS(월별!$N$5:$N$70,월별!$D$5:$D$70,2024),"") -> 35.812031 | M31: =LOOKUP($B31,정책금리_결정!$G$4:$G$9,정책금리_결정!$H$4:$H$9) -> 0.045 | N31: =IFERROR(AVERAGEIFS(월별!$P$5:$P$70,월별!$D$5:$D$70,2024),"") -> 0.018613093 | O31: =IFERROR(SUMIFS(VN_은행채발행!$T$4:$T$712,VN_은행채발행!$C$4:$C$712,">="&DATE(2024,1,1),VN_은행채발행!$C$4:$C$712,"<="&$B31)/SUMIFS(VN_은행채발행!$I$4:$I$712,VN_은행채발행!$C$4:$C$712,">="&DATE(2024,1,1),VN_은행채발행!$C$4:$C$712,"<="&$B31,VN_은행채발행!$S$4:$S$712,1),"") -> 0.05227122 | P31: =SUMIFS(월별!$R$5:$R$70,월별!$D$5:$D$70,2024) -> 89 | Q31: =IFERROR(SUMIFS(VN_은행채발행!$U$4:$U$712,VN_은행채발행!$C$4:$C$712,">="&DATE(2024,1,1),VN_은행채발행!$C$4:$C$712,"<="&$B31)/SUMIFS(VN_은행채발행!$Y$4:$Y$712,VN_은행채발행!$C$4:$C$712,">="&DATE(2024,1,1),VN_은행채발행!$C$4:$C$712,"<="&$B31),"") -> 323.71248 | R31: =IFERROR(SUMIFS(VN_은행채발행!$W$4:$W$712,VN_은행채발행!$C$4:$C$712,">="&DATE(2024,1,1),VN_은행채발행!$C$4:$C$712,"<="&$B31)/SUMIFS(VN_은행채발행!$I$4:$I$712,VN_은행채발행!$C$4:$C$712,">="&DATE(2024,1,1),VN_은행채발행!$C$4:$C$712,"<="&$B31,VN_은행채발행!$V$4:$V$712,1),"") -> 0.051330957 | S31: =IFERROR(SUMIFS(VN_은행채발행!$X$4:$X$712,VN_은행채발행!$C$4:$C$712,">="&DATE(2024,1,1),VN_은행채발행!$C$4:$C$712,"<="&$B31)/SUMIFS(VN_은행채발행!$Z$4:$Z$712,VN_은행채발행!$C$4:$C$712,">="&DATE(2024,1,1),VN_은행채발행!$C$4:$C$712,"<="&$B31),"") -> 316.0788 | T31: =LOOKUP($B31,정책금리_결정!$J$4:$J$49,정책금리_결정!$K$4:$K$49) -> 0.1525 | U31: =IFERROR(AVERAGEIFS(월별!$W$5:$W$70,월별!$D$5:$D$70,2024),"") -> 0.12408072 | V31: =IFERROR(AVERAGEIFS(월별!$X$5:$X$70,월별!$D$5:$D$70,2024),"") -> 0.13058679 | W31: =IFERROR(AVERAGEIFS(월별!$Y$5:$Y$70,월별!$D$5:$D$70,2024),"") -> 0.13976009 | X31: =IFERROR(AVERAGEIFS(월별!$Z$5:$Z$70,월별!$D$5:$D$70,2024),"") | Y31: =IFERROR(AVERAGEIFS(월별!$AA$5:$AA$70,월별!$D$5:$D$70,2024),"") -> 156.7937 | Z31: =IFERROR(AVERAGEIFS(월별!$AB$5:$AB$70,월별!$D$5:$D$70,2024),"") -> 0.13839968
A32: 2025 | B32: =EOMONTH(DATE(2025,12,1),0) -> 46022 | C32: =LOOKUP($B32,정책금리_결정!$A$4:$A$70,정책금리_결정!$B$4:$B$70) -> 0.0075 | D32: =IFERROR(AVERAGEIFS(월별!$F$5:$F$70,월별!$D$5:$D$70,2025),"") -> 0.0089117935 | E32: =IFERROR(AVERAGEIFS(월별!$G$5:$G$70,월별!$D$5:$D$70,2025),"") -> 0.01259625 | F32: =IFERROR(AVERAGEIFS(월별!$H$5:$H$70,월별!$D$5:$D$70,2025),"") -> 0.011950417 | G32: =IFERROR(AVERAGEIFS(월별!$I$5:$I$70,월별!$D$5:$D$70,2025),"") -> 36.844565 | H32: =LOOKUP($B32,정책금리_결정!$D$4:$D$70,정책금리_결정!$E$4:$E$70) -> 0.03 | I32: =IFERROR(AVERAGEIFS(월별!$K$5:$K$70,월별!$D$5:$D$70,2025),"") -> 0.014493053 | J32: =IFERROR(AVERAGEIFS(월별!$L$5:$L$70,월별!$D$5:$D$70,2025),"") -> 0.018035843 | K32: =IFERROR(AVERAGEIFS(월별!$M$5:$M$70,월별!$D$5:$D$70,2025),"") -> 0.018970239 | L32: =IFERROR(AVERAGEIFS(월별!$N$5:$N$70,월별!$D$5:$D$70,2025),"") -> 35.427899 | M32: =LOOKUP($B32,정책금리_결정!$G$4:$G$9,정책금리_결정!$H$4:$H$9) -> 0.045 | N32: =IFERROR(AVERAGEIFS(월별!$P$5:$P$70,월별!$D$5:$D$70,2025),"") -> 0.025956618 | O32: =IFERROR(SUMIFS(VN_은행채발행!$T$4:$T$712,VN_은행채발행!$C$4:$C$712,">="&DATE(2025,1,1),VN_은행채발행!$C$4:$C$712,"<="&$B32)/SUMIFS(VN_은행채발행!$I$4:$I$712,VN_은행채발행!$C$4:$C$712,">="&DATE(2025,1,1),VN_은행채발행!$C$4:$C$712,"<="&$B32,VN_은행채발행!$S$4:$S$712,1),"") -> 0.056452753 | P32: =SUMIFS(월별!$R$5:$R$70,월별!$D$5:$D$70,2025) -> 107 | Q32: =IFERROR(SUMIFS(VN_은행채발행!$U$4:$U$712,VN_은행채발행!$C$4:$C$712,">="&DATE(2025,1,1),VN_은행채발행!$C$4:$C$712,"<="&$B32)/SUMIFS(VN_은행채발행!$Y$4:$Y$712,VN_은행채발행!$C$4:$C$712,">="&DATE(2025,1,1),VN_은행채발행!$C$4:$C$712,"<="&$B32),"") -> 304.58623 | R32: =IFERROR(SUMIFS(VN_은행채발행!$W$4:$W$712,VN_은행채발행!$C$4:$C$712,">="&DATE(2025,1,1),VN_은행채발행!$C$4:$C$712,"<="&$B32)/SUMIFS(VN_은행채발행!$I$4:$I$712,VN_은행채발행!$C$4:$C$712,">="&DATE(2025,1,1),VN_은행채발행!$C$4:$C$712,"<="&$B32,VN_은행채발행!$V$4:$V$712,1),"") -> 0.053260504 | S32: =IFERROR(SUMIFS(VN_은행채발행!$X$4:$X$712,VN_은행채발행!$C$4:$C$712,">="&DATE(2025,1,1),VN_은행채발행!$C$4:$C$712,"<="&$B32)/SUMIFS(VN_은행채발행!$Z$4:$Z$712,VN_은행채발행!$C$4:$C$712,">="&DATE(2025,1,1),VN_은행채발행!$C$4:$C$712,"<="&$B32),"") -> 277.79496 | T32: =LOOKUP($B32,정책금리_결정!$J$4:$J$49,정책금리_결정!$K$4:$K$49) -> 0.18 | U32: =IFERROR(AVERAGEIFS(월별!$W$5:$W$70,월별!$D$5:$D$70,2025),"") -> 0.15639755 | V32: =IFERROR(AVERAGEIFS(월별!$X$5:$X$70,월별!$D$5:$D$70,2025),"") -> 0.15810236 | W32: =IFERROR(AVERAGEIFS(월별!$Y$5:$Y$70,월별!$D$5:$D$70,2025),"") -> 0.15378933 | X32: =IFERROR(AVERAGEIFS(월별!$Z$5:$Z$70,월별!$D$5:$D$70,2025),"") | Y32: =IFERROR(AVERAGEIFS(월별!$AA$5:$AA$70,월별!$D$5:$D$70,2025),"") -> -26.082136 | Z32: =IFERROR(AVERAGEIFS(월별!$AB$5:$AB$70,월별!$D$5:$D$70,2025),"") -> 0.15830921
A33: 2026(상반기) | B33: =EOMONTH(DATE(2026,6,1),0) -> 46203 | C33: =LOOKUP($B33,정책금리_결정!$A$4:$A$70,정책금리_결정!$B$4:$B$70) -> 0.01 | D33: =IFERROR(AVERAGEIFS(월별!$F$5:$F$70,월별!$D$5:$D$70,2026),"") -> 0.014698033 | E33: =IFERROR(AVERAGEIFS(월별!$G$5:$G$70,월별!$D$5:$D$70,2026),"") -> 0.018978333 | F33: =IFERROR(AVERAGEIFS(월별!$H$5:$H$70,월별!$D$5:$D$70,2026),"") -> 0.018091667 | G33: =IFERROR(AVERAGEIFS(월별!$I$5:$I$70,월별!$D$5:$D$70,2026),"") -> 42.803001 | H33: =LOOKUP($B33,정책금리_결정!$D$4:$D$70,정책금리_결정!$E$4:$E$70) -> 0.03 | I33: =IFERROR(AVERAGEIFS(월별!$K$5:$K$70,월별!$D$5:$D$70,2026),"") -> 0.013456794 | J33: =IFERROR(AVERAGEIFS(월별!$L$5:$L$70,월별!$D$5:$D$70,2026),"") -> 0.016556276 | K33: =IFERROR(AVERAGEIFS(월별!$M$5:$M$70,월별!$D$5:$D$70,2026),"") -> 0.017570232 | L33: =IFERROR(AVERAGEIFS(월별!$N$5:$N$70,월별!$D$5:$D$70,2026),"") -> 30.994814 | M33: =LOOKUP($B33,정책금리_결정!$G$4:$G$9,정책금리_결정!$H$4:$H$9) -> 0.045 | N33: =IFERROR(AVERAGEIFS(월별!$P$5:$P$70,월별!$D$5:$D$70,2026),"") -> 0.035061623 | O33: =IFERROR(SUMIFS(VN_은행채발행!$T$4:$T$712,VN_은행채발행!$C$4:$C$712,">="&DATE(2026,1,1),VN_은행채발행!$C$4:$C$712,"<="&$B33)/SUMIFS(VN_은행채발행!$I$4:$I$712,VN_은행채발행!$C$4:$C$712,">="&DATE(2026,1,1),VN_은행채발행!$C$4:$C$712,"<="&$B33,VN_은행채발행!$S$4:$S$712,1),"") -> 0.084719111 | P33: =SUMIFS(월별!$R$5:$R$70,월별!$D$5:$D$70,2026) -> 27 | Q33: =IFERROR(SUMIFS(VN_은행채발행!$U$4:$U$712,VN_은행채발행!$C$4:$C$712,">="&DATE(2026,1,1),VN_은행채발행!$C$4:$C$712,"<="&$B33)/SUMIFS(VN_은행채발행!$Y$4:$Y$712,VN_은행채발행!$C$4:$C$712,">="&DATE(2026,1,1),VN_은행채발행!$C$4:$C$712,"<="&$B33),"") -> 485.46287 | R33: =IFERROR(SUMIFS(VN_은행채발행!$W$4:$W$712,VN_은행채발행!$C$4:$C$712,">="&DATE(2026,1,1),VN_은행채발행!$C$4:$C$712,"<="&$B33)/SUMIFS(VN_은행채발행!$I$4:$I$712,VN_은행채발행!$C$4:$C$712,">="&DATE(2026,1,1),VN_은행채발행!$C$4:$C$712,"<="&$B33,VN_은행채발행!$V$4:$V$712,1),"") | S33: =IFERROR(SUMIFS(VN_은행채발행!$X$4:$X$712,VN_은행채발행!$C$4:$C$712,">="&DATE(2026,1,1),VN_은행채발행!$C$4:$C$712,"<="&$B33)/SUMIFS(VN_은행채발행!$Z$4:$Z$712,VN_은행채발행!$C$4:$C$712,">="&DATE(2026,1,1),VN_은행채발행!$C$4:$C$712,"<="&$B33),"") | T33: =LOOKUP($B33,정책금리_결정!$J$4:$J$49,정책금리_결정!$K$4:$K$49) -> 0.17 | U33: =IFERROR(AVERAGEIFS(월별!$W$5:$W$70,월별!$D$5:$D$70,2026),"") -> 0.16238263 | V33: =IFERROR(AVERAGEIFS(월별!$X$5:$X$70,월별!$D$5:$D$70,2026),"") -> 0.16285707 | W33: =IFERROR(AVERAGEIFS(월별!$Y$5:$Y$70,월별!$D$5:$D$70,2026),"") -> 0.16694847 | X33: =IFERROR(AVERAGEIFS(월별!$Z$5:$Z$70,월별!$D$5:$D$70,2026),"") -> 0.15287995 | Y33: =IFERROR(AVERAGEIFS(월별!$AA$5:$AA$70,월별!$D$5:$D$70,2026),"") -> 45.658432 | Z33: =IFERROR(AVERAGEIFS(월별!$AB$5:$AB$70,월별!$D$5:$D$70,2026),"") -> 0.17545931

Sheet VN_은행채발행
A1: 베트남 은행채 발행 내역 (VBMA 월간보고서 부록 – 회사채 발행 목록 중 은행)
A2: 출처: VBMA 월간 채권시장 보고서 부록(https://vbma.org.vn/vi/reports/monthly), HNX·SSC 공시 집계. 2021~2022년 일부 월은 보고서 양식 차이로 미수록. 콜/후순위 추정 = 조기상환(MUA LẠI) 조건 또는 만기 7년 이상. 국채(보간)=발행일 VGB 곡선을 만기에 선형보간.
A3: 보고월 | B3: 발행일 | C3: 발행월 | D3: 분기 | E3: 은행 | F3: 구분 | G3: 발행사(원문) | H3: 코드 | I3: 발행액(십억VND) | J3: 만기(년) | K3: 금리유형 | L3: 고정금리 | M3: 변동 초기금리 | N3: 콜/후순위 추정 | O3: 금리조건(원문) | P3: 비고 | Q3: 동일만기 국채(보간) | R3: 스프레드 | S3: 선순위 고정 2~4Y | T3: 가중금리 보조 | U3: 가중스프레드 보조 | V3: Big4 선순위 고정 | W3: Big4 가중금리 보조 | X3: Big4 가중스프레드 보조 | Y3: 스프레드 분모 보조 | Z3: Big4 스프레드 분모 보조
A4: 2021-08 | B4: 44410 | C4: =DATE(YEAR(B4),MONTH(B4),1) -> 44409 | D4: =YEAR(B4)&"Q"&ROUNDUP(MONTH(B4)/3,0) -> 2021Q3 | E4: BVBank | F4: 민간 | G4: NHTMCP BẢN VIỆT | H4: BVBLH2128001 | I4: 50 | J4: 7 | K4: 고정 | L4: 0.076 | N4: Y | O4: 7.6%/NĂM | Q4: =IF($J4="","",IFERROR(IF($J4<=1,INDEX(VN_국채일별!$B$4:$B$1436,MATCH($B4,VN_국채일별!$A$4:$A$1436,1)),IF($J4<=2,INDEX(VN_국채일별!$B$4:$B$1436,MATCH($B4,VN_국채일별!$A$4:$A$1436,1))+(INDEX(VN_국채일별!$C$4:$C$1436,MATCH($B4,VN_국채일별!$A$4:$A$1436,1))-INDEX(VN_국채일별!$B$4:$B$1436,MATCH($B4,VN_국채일별!$A$4:$A$1436,1)))*($J4-1),IF($J4<=3,INDEX(VN_국채일별!$C$4:$C$1436,MATCH($B4,VN_국채일별!$A$4:$A$1436,1))+(INDEX(VN_국채일별!$D$4:$D$1436,MATCH($B4,VN_국채일별!$A$4:$A$1436,1))-INDEX(VN_국채일별!$C$4:$C$1436,MATCH($B4,VN_국채일별!$A$4:$A$1436,1)))*($J4-2),IF($J4<=5,INDEX(VN_국채일별!$D$4:$D$1436,MATCH($B4,VN_국채일별!$A$4:$A$1436,1))+(INDEX(VN_국채일별!$E$4:$E$1436,MATCH($B4,VN_국채일별!$A$4:$A$1436,1))-INDEX(VN_국채일별!$D$4:$D$1436,MATCH($B4,VN_국채일별!$A$4:$A$1436,1)))*($J4-3)/2,IF($J4<=7,INDEX(VN_국채일별!$E$4:$E$1436,MATCH($B4,VN_국채일별!$A$4:$A$1436,1))+(INDEX(VN_국채일별!$F$4:$F$1436,MATCH($B4,VN_국채일별!$A$4:$A$1436,1))-INDEX(VN_국채일별!$E$4:$E$1436,MATCH($B4,VN_국채일별!$A$4:$A$1436,1)))*($J4-5)/2,IF($J4<=10,INDEX(VN_국채일별!$F$4:$F$1436,MATCH($B4,VN_국채일별!$A$4:$A$1436,1))+(INDEX(VN_국채일별!$G$4:$G$1436,MATCH($B4,VN_국채일별!$A$4:$A$1436,1))-INDEX(VN_국채일별!$F$4:$F$1436,MATCH($B4,VN_국채일별!$A$4:$A$1436,1)))*($J4-7)/3,INDEX(VN_국채일별!$G$4:$G$1436,MATCH($B4,VN_국채일별!$A$4:$A$1436,1)))))))),"")) -> 0.01321 | R4: =IF(OR(L4="",Q4=""),"",(L4-Q4)*10000) -> 627.9 | S4: =IF(AND(K4="고정",N4="N",J4>=2,J4<=4,I4<>""),1,0) -> 0 | T4: =IF(S4=1,I4*L4,0) -> 0 | U4: =IF(AND(S4=1,ISNUMBER(R4)),I4*R4,0) -> 0 | V4: =IF(AND(F4="Big4(국영)",K4="고정",N4="N",I4<>""),1,0) -> 0 | W4: =IF(V4=1,I4*L4,0) -> 0 | X4: =IF(AND(V4=1,ISNUMBER(R4)),I4*R4,0) -> 0 | Y4: =IF(AND(S4=1,ISNUMBER(R4)),I4,0) -> 0 | Z4: =IF(AND(V4=1,ISNUMBER(R4)),I4,0) -> 0
A5: 2021-08 | B5: 44419 | C5: =DATE(YEAR(B5),MONTH(B5),1) -> 44409 | D5: =YEAR(B5)&"Q"&ROUNDUP(MONTH(B5)/3,0) -> 2021Q3 | E5: MSB | F5: 민간 | G5: NHTMCP HÀNG HẢI VIỆT NAM | H5: MSBL2124005 | I5: 1000 | J5: 3 | K5: 고정 | L5: 0.037 | N5: N | O5: 3.7%/năm | Q5: =IF($J5="","",IFERROR(IF($J5<=1,INDEX(VN_국채일별!$B$4:$B$1436,MATCH($B5,VN_국채일별!$A$4:$A$1436,1)),IF($J5<=2,INDEX(VN_국채일별!$B$4:$B$1436,MATCH($B5,VN_국채일별!$A$4:$A$1436,1))+(INDEX(VN_국채일별!$C$4:$C$1436,MATCH($B5,VN_국채일별!$A$4:$A$1436,1))-INDEX(VN_국채일별!$B$4:$B$1436,MATCH($B5,VN_국채일별!$A$4:$A$1436,1)))*($J5-1),IF($J5<=3,INDEX(VN_국채일별!$C$4:$C$1436,MATCH($B5,VN_국채일별!$A$4:$A$1436,1))+(INDEX(VN_국채일별!$D$4:$D$1436,MATCH($B5,VN_국채일별!$A$4:$A$1436,1))-INDEX(VN_국채일별!$C$4:$C$1436,MATCH($B5,VN_국채일별!$A$4:$A$1436,1)))*($J5-2),IF($J5<=5,INDEX(VN_국채일별!$D$4:$D$1436,MATCH($B5,VN_국채일별!$A$4:$A$1436,1))+(INDEX(VN_국채일별!$E$4:$E$1436,MATCH($B5,VN_국채일별!$A$4:$A$1436,1))-INDEX(VN_국채일별!$D$4:$D$1436,MATCH($B5,VN_국채일별!$A$4:$A$1436,1)))*($J5-3)/2,IF($J5<=7,INDEX(VN_국채일별!$E$4:$E$1436,MATCH($B5,VN_국채일별!$A$4:$A$1436,1))+(INDEX(VN_국채일별!$F$4:$F$1436,MATCH($B5,VN_국채일별!$A$4:$A$1436,1))-INDEX(VN_국채일별!$E$4:$E$1436,MATCH($B5,VN_국채일별!$A$4:$A$1436,1)))*($J5-5)/2,IF($J5<=10,INDEX(VN_국채일별!$F$4:$F$1436,MATCH($B5,VN_국채일별!$A$4:$A$1436,1))+(INDEX(VN_국채일별!$G$4:$G$1436,MATCH($B5,VN_국채일별!$A$4:$A$1436,1))-INDEX(VN_국채일별!$F$4:$F$1436,MATCH($B5,VN_국채일별!$A$4:$A$1436,1)))*($J5-7)/3,INDEX(VN_국채일별!$G$4:$G$1436,MATCH($B5,VN_국채일별!$A$4:$A$1436,1)))))))),"")) -> 0.00701 | R5: =IF(OR(L5="",Q5=""),"",(L5-Q5)*10000) -> 299.9 | S5: =IF(AND(K5="고정",N5="N",J5>=2,J5<=4,I5<>""),1,0) -> 1 | T5: =IF(S5=1,I5*L5,0) -> 37 | U5: =IF(AND(S5=1,ISNUMBER(R5)),I5*R5,0) -> 299900 | V5: =IF(AND(F5="Big4(국영)",K5="고정",N5="N",I5<>""),1,0) -> 0 | W5: =IF(V5=1,I5*L5,0) -> 0 | X5: =IF(AND(V5=1,ISNUMBER(R5)),I5*R5,0) -> 0 | Y5: =IF(AND(S5=1,ISNUMBER(R5)),I5,0) -> 1000 | Z5: =IF(AND(V5=1,ISNUMBER(R5)),I5,0) -> 0
A6: 2021-08 | B6: 44420 | C6: =DATE(YEAR(B6),MONTH(B6),1) -> 44409 | D6: =YEAR(B6)&"Q"&ROUNDUP(MONTH(B6)/3,0) -> 2021Q3 | E6: VIB | F6: 민간 | G6: NHTMCP QUỐC tế Việt Nam | H6: VIBL2128010 | I6: 150 | J6: 7 | K6: 변동/혼합 | M6: 0.07575 | N6: Y | O6: TBC LSTK 12T (VCB, BID, CTG, AGR) + 2%/NĂM, TỪ NĂM THỨ 6 (NẾU KHÔNG MUA LẠI) = LSTC + 3.5%/NĂM (LSPH: 7.575%) | Q6: =IF($J6="","",IFERROR(IF($J6<=1,INDEX(VN_국채일별!$B$4:$B$1436,MATCH($B6,VN_국채일별!$A$4:$A$1436,1)),IF($J6<=2,INDEX(VN_국채일별!$B$4:$B$1436,MATCH($B6,VN_국채일별!$A$4:$A$1436,1))+(INDEX(VN_국채일별!$C$4:$C$1436,MATCH($B6,VN_국채일별!$A$4:$A$1436,1))-INDEX(VN_국채일별!$B$4:$B$1436,MATCH($B6,VN_국채일별!$A$4:$A$1436,1)))*($J6-1),IF($J6<=3,INDEX(VN_국채일별!$C$4:$C$1436,MATCH($B6,VN_국채일별!$A$4:$A$1436,1))+(INDEX(VN_국채일별!$D$4:$D$1436,MATCH($B6,VN_국채일별!$A$4:$A$1436,1))-INDEX(VN_국채일별!$C$4:$C$1436,MATCH($B6,VN_국채일별!$A$4:$A$1436,1)))*($J6-2),IF($J6<=5,INDEX(VN_국채일별!$D$4:$D$1436,MATCH($B6,VN_국채일별!$A$4:$A$1436,1))+(INDEX(VN_국채일별!$E$4:$E$1436,MATCH($B6,VN_국채일별!$A$4:$A$1436,1))-INDEX(VN_국채일별!$D$4:$D$1436,MATCH($B6,VN_국채일별!$A$4:$A$1436,1)))*($J6-3)/2,IF($J6<=7,INDEX(VN_국채일별!$E$4:$E$1436,MATCH($B6,VN_국채일별!$A$4:$A$1436,1))+(INDEX(VN_국채일별!$F$4:$F$1436,MATCH($B6,VN_국채일별!$A$4:$A$1436,1))-INDEX(VN_국채일별!$E$4:$E$1436,MATCH($B6,VN_국채일별!$A$4:$A$1436,1)))*($J6-5)/2,IF($J6<=10,INDEX(VN_국채일별!$F$4:$F$1436,MATCH($B6,VN_국채일별!$A$4:$A$1436,1))+(INDEX(VN_국채일별!$G$4:$G$1436,MATCH($B6,VN_국채일별!$A$4:$A$1436,1))-INDEX(VN_국채일별!$F$4:$F$1436,MATCH($B6,VN_국채일별!$A$4:$A$1436,1)))*($J6-7)/3,INDEX(VN_국채일별!$G$4:$G$1436,MATCH($B6,VN_국채일별!$A$4:$A$1436,1)))))))),"")) -> 0.01241 | R6: =IF(OR(L6="",Q6=""),"",(L6-Q6)*10000) | S6: =IF(AND(K6="고정",N6="N",J6>=2,J6<=4,I6<>""),1,0) -> 0 | T6: =IF(S6=1,I6*L6,0) -> 0 | U6: =IF(AND(S6=1,ISNUMBER(R6)),I6*R6,0) -> 0 | V6: =IF(AND(F6="Big4(국영)",K6="고정",N6="N",I6<>""),1,0) -> 0 | W6: =IF(V6=1,I6*L6,0) -> 0 | X6: =IF(AND(V6=1,ISNUMBER(R6)),I6*R6,0) -> 0 | Y6: =IF(AND(S6=1,ISNUMBER(R6)),I6,0) -> 0 | Z6: =IF(AND(V6=1,ISNUMBER(R6)),I6,0) -> 0
A7: 2021-08 | B7: 44420 | C7: =DATE(YEAR(B7),MONTH(B7),1) -> 44409 | D7: =YEAR(B7)&"Q"&ROUNDUP(MONTH(B7)/3,0) -> 2021Q3 | E7: BIDV | F7: Big4(국영) | G7: NHTMCP ĐẦU TƯ VÀ PHÁT TRIỂN VIỆT NAM | H7: BIDL2129026 | I7: 500 | J7: 8 | K7: 변동/혼합 | M7: 0.0645 | N7: Y | O7: LSTK 12T 4 NH (AGRIBANK, BIDV, CTG, VCB) + 0.9%/NĂM, TỪ NĂM THỨ 6 (NẾU KHÔNG MUA LẠI): = LSTC + 2.57%/NĂM (LSPH: 6.45%) | Q7: =IF($J7="","",IFERROR(IF($J7<=1,INDEX(VN_국채일별!$B$4:$B$1436,MATCH($B7,VN_국채일별!$A$4:$A$1436,1)),IF($J7<=2,INDEX(VN_국채일별!$B$4:$B$1436,MATCH($B7,VN_국채일별!$A$4:$A$1436,1))+(INDEX(VN_국채일별!$C$4:$C$1436,MATCH($B7,VN_국채일별!$A$4:$A$1436,1))-INDEX(VN_국채일별!$B$4:$B$1436,MATCH($B7,VN_국채일별!$A$4:$A$1436,1)))*($J7-1),IF($J7<=3,INDEX(VN_국채일별!$C$4:$C$1436,MATCH($B7,VN_국채일별!$A$4:$A$1436,1))+(INDEX(VN_국채일별!$D$4:$D$1436,MATCH($B7,VN_국채일별!$A$4:$A$1436,1))-INDEX(VN_국채일별!$C$4:$C$1436,MATCH($B7,VN_국채일별!$A$4:$A$1436,1)))*($J7-2),IF($J7<=5,INDEX(VN_국채일별!$D$4:$D$1436,MATCH($B7,VN_국채일별!$A$4:$A$1436,1))+(INDEX(VN_국채일별!$E$4:$E$1436,MATCH($B7,VN_국채일별!$A$4:$A$1436,1))-INDEX(VN_국채일별!$D$4:$D$1436,MATCH($B7,VN_국채일별!$A$4:$A$1436,1)))*($J7-3)/2,IF($J7<=7,INDEX(VN_국채일별!$E$4:$E$1436,MATCH($B7,VN_국채일별!$A$4:$A$1436,1))+(INDEX(VN_국채일별!$F$4:$F$1436,MATCH($B7,VN_국채일별!$A$4:$A$1436,1))-INDEX(VN_국채일별!$E$4:$E$1436,MATCH($B7,VN_국채일별!$A$4:$A$1436,1)))*($J7-5)/2,IF($J7<=10,INDEX(VN_국채일별!$F$4:$F$1436,MATCH($B7,VN_국채일별!$A$4:$A$1436,1))+(INDEX(VN_국채일별!$G$4:$G$1436,MATCH($B7,VN_국채일별!$A$4:$A$1436,1))-INDEX(VN_국채일별!$F$4:$F$1436,MATCH($B7,VN_국채일별!$A$4:$A$1436,1)))*($J7-7)/3,INDEX(VN_국채일별!$G$4:$G$1436,MATCH($B7,VN_국채일별!$A$4:$A$1436,1)))))))),"")) -> 0.015126667 | R7: =IF(OR(L7="",Q7=""),"",(L7-Q7)*10000) | S7: =IF(AND(K7="고정",N7="N",J7>=2,J7<=4,I7<>""),1,0) -> 0 | T7: =IF(S7=1,I7*L7,0) -> 0 | U7: =IF(AND(S7=1,ISNUMBER(R7)),I7*R7,0) -> 0 | V7: =IF(AND(F7="Big4(국영)",K7="고정",N7="N",I7<>""),1,0) -> 0 | W7: =IF(V7=1,I7*L7,0) -> 0 | X7: =IF(AND(V7=1,ISNUMBER(R7)),I7*R7,0) -> 0 | Y7: =IF(AND(S7=1,ISNUMBER(R7)),I7,0) -> 0 | Z7: =IF(AND(V7=1,ISNUMBER(R7)),I7,0) -> 0
A8: 2021-08 | B8: 44423 | C8: =DATE(YEAR(B8),MONTH(B8),1) -> 44409 | D8: =YEAR(B8)&"Q"&ROUNDUP(MONTH(B8)/3,0) -> 2021Q3 | E8: MB | F8: 민간 | G8: NHTMCP QUÂN ĐỘI | H8: MBBH2128002 | I8: 100 | K8: 변동/혼합 | N8: N | O8: LS THẢ NỔI = TBC LSTK 12T 4 NH (BID, VCB, CTG, AGR) + 1.7%/năm. | P8: 보고월 15일로 대체 | Q8: =IF($J8="","",IFERROR(IF($J8<=1,INDEX(VN_국채일별!$B$4:$B$1436,MATCH($B8,VN_국채일별!$A$4:$A$1436,1)),IF($J8<=2,INDEX(VN_국채일별!$B$4:$B$1436,MATCH($B8,VN_국채일별!$A$4:$A$1436,1))+(INDEX(VN_국채일별!$C$4:$C$1436,MATCH($B8,VN_국채일별!$A$4:$A$1436,1))-INDEX(VN_국채일별!$B$4:$B$1436,MATCH($B8,VN_국채일별!$A$4:$A$1436,1)))*($J8-1),IF($J8<=3,INDEX(VN_국채일별!$C$4:$C$1436,MATCH($B8,VN_국채일별!$A$4:$A$1436,1))+(INDEX(VN_국채일별!$D$4:$D$1436,MATCH($B8,VN_국채일별!$A$4:$A$1436,1))-INDEX(VN_국채일별!$C$4:$C$1436,MATCH($B8,VN_국채일별!$A$4:$A$1436,1)))*($J8-2),IF($J8<=5,INDEX(VN_국채일별!$D$4:$D$1436,MATCH($B8,VN_국채일별!$A$4:$A$1436,1))+(INDEX(VN_국채일별!$E$4:$E$1436,MATCH($B8,VN_국채일별!$A$4:$A$1436,1))-INDEX(VN_국채일별!$D$4:$D$1436,MATCH($B8,VN_국채일별!$A$4:$A$1436,1)))*($J8-3)/2,IF($J8<=7,INDEX(VN_국채일별!$E$4:$E$1436,MATCH($B8,VN_국채일별!$A$4:$A$1436,1))+(INDEX(VN_국채일별!$F$4:$F$1436,MATCH($B8,VN_국채일별!$A$4:$A$1436,1))-INDEX(VN_국채일별!$E$4:$E$1436,MATCH($B8,VN_국채일별!$A$4:$A$1436,1)))*($J8-5)/2,IF($J8<=10,INDEX(VN_국채일별!$F$4:$F$1436,MATCH($B8,VN_국채일별!$A$4:$A$1436,1))+(INDEX(VN_국채일별!$G$4:$G$1436,MATCH($B8,VN_국채일별!$A$4:$A$1436,1))-INDEX(VN_국채일별!$F$4:$F$1436,MATCH($B8,VN_국채일별!$A$4:$A$1436,1)))*($J8-7)/3,INDEX(VN_국채일별!$G$4:$G$1436,MATCH($B8,VN_국채일별!$A$4:$A$1436,1)))))))),"")) | R8: =IF(OR(L8="",Q8=""),"",(L8-Q8)*10000) | S8: =IF(AND(K8="고정",N8="N",J8>=2,J8<=4,I8<>""),1,0) -> 0 | T8: =IF(S8=1,I8*L8,0) -> 0 | U8: =IF(AND(S8=1,ISNUMBER(R8)),I8*R8,0) -> 0 | V8: =IF(AND(F8="Big4(국영)",K8="고정",N8="N",I8<>""),1,0) -> 0 | W8: =IF(V8=1,I8*L8,0) -> 0 | X8: =IF(AND(V8=1,ISNUMBER(R8)),I8*R8,0) -> 0 | Y8: =IF(AND(S8=1,ISNUMBER(R8)),I8,0) -> 0 | Z8: =IF(AND(V8=1,ISNUMBER(R8)),I8,0) -> 0
A9: 2021-08 | B9: 44423 | C9: =DATE(YEAR(B9),MONTH(B9),1) -> 44409 | D9: =YEAR(B9)&"Q"&ROUNDUP(MONTH(B9)/3,0) -> 2021Q3 | E9: BVBank | F9: 민간 | G9: NHTMCP BẢN VIỆT | H9: BVBLH2128002 | I9: 50 | J9: 7 | K9: 고정 | L9: 0.076 | N9: Y | O9: 7.6%/NĂM | P9: 보고월 15일로 대체 | Q9: =IF($J9="","",IFERROR(IF($J9<=1,INDEX(VN_국채일별!$B$4:$B$1436,MATCH($B9,VN_국채일별!$A$4:$A$1436,1)),IF($J9<=2,INDEX(VN_국채일별!$B$4:$B$1436,MATCH($B9,VN_국채일별!$A$4:$A$1436,1))+(INDEX(VN_국채일별!$C$4:$C$1436,MATCH($B9,VN_국채일별!$A$4:$A$1436,1))-INDEX(VN_국채일별!$B$4:$B$1436,MATCH($B9,VN_국채일별!$A$4:$A$1436,1)))*($J9-1),IF($J9<=3,INDEX(VN_국채일별!$C$4:$C$1436,MATCH($B9,VN_국채일별!$A$4:$A$1436,1))+(INDEX(VN_국채일별!$D$4:$D$1436,MATCH($B9,VN_국채일별!$A$4:$A$1436,1))-INDEX(VN_국채일별!$C$4:$C$1436,MATCH($B9,VN_국채일별!$A$4:$A$1436,1)))*($J9-2),IF($J9<=5,INDEX(VN_국채일별!$D$4:$D$1436,MATCH($B9,VN_국채일별!$A$4:$A$1436,1))+(INDEX(VN_국채일별!$E$4:$E$1436,MATCH($B9,VN_국채일별!$A$4:$A$1436,1))-INDEX(VN_국채일별!$D$4:$D$1436,MATCH($B9,VN_국채일별!$A$4:$A$1436,1)))*($J9-3)/2,IF($J9<=7,INDEX(VN_국채일별!$E$4:$E$1436,MATCH($B9,VN_국채일별!$A$4:$A$1436,1))+(INDEX(VN_국채일별!$F$4:$F$1436,MATCH($B9,VN_국채일별!$A$4:$A$1436,1))-INDEX(VN_국채일별!$E$4:$E$1436,MATCH($B9,VN_국채일별!$A$4:$A$1436,1)))*($J9-5)/2,IF($J9<=10,INDEX(VN_국채일별!$F$4:$F$1436,MATCH($B9,VN_국채일별!$A$4:$A$1436,1))+(INDEX(VN_국채일별!$G$4:$G$1436,MATCH($B9,VN_국채일별!$A$4:$A$1436,1))-INDEX(VN_국채일별!$F$4:$F$1436,MATCH($B9,VN_국채일별!$A$4:$A$1436,1)))*($J9-7)/3,INDEX(VN_국채일별!$G$4:$G$1436,MATCH($B9,VN_국채일별!$A$4:$A$1436,1)))))))),"")) -> 0.01277 | R9: =IF(OR(L9="",Q9=""),"",(L9-Q9)*10000) -> 632.3 | S9: =IF(AND(K9="고정",N9="N",J9>=2,J9<=4,I9<>""),1,0) -> 0 | T9: =IF(S9=1,I9*L9,0) -> 0 | U9: =IF(AND(S9=1,ISNUMBER(R9)),I9*R9,0) -> 0 | V9: =IF(AND(F9="Big4(국영)",K9="고정",N9="N",I9<>""),1,0) -> 0 | W9: =IF(V9=1,I9*L9,0) -> 0 | X9: =IF(AND(V9=1,ISNUMBER(R9)),I9*R9,0) -> 0 | Y9: =IF(AND(S9=1,ISNUMBER(R9)),I9,0) -> 0 | Z9: =IF(AND(V9=1,ISNUMBER(R9)),I9,0) -> 0
A10: 2021-08 | B10: 44424 | C10: =DATE(YEAR(B10),MONTH(B10),1) -> 44409 | D10: =YEAR(B10)&"Q"&ROUNDUP(MONTH(B10)/3,0) -> 2021Q3 | E10: ABBank | F10: 민간 | G10: NHTMCP AN BÌNH | H10: ABBL2123009 | I10: 500 | J10: 2 | K10: 고정 | L10: 0.035 | N10: N | O10: 3.5%/NĂM | Q10: =IF($J10="","",IFERROR(IF($J10<=1,INDEX(VN_국채일별!$B$4:$B$1436,MATCH($B10,VN_국채일별!$A$4:$A$1436,1)),IF($J10<=2,INDEX(VN_국채일별!$B$4:$B$1436,MATCH($B10,VN_국채일별!$A$4:$A$1436,1))+(INDEX(VN_국채일별!$C$4:$C$1436,MATCH($B10,VN_국채일별!$A$4:$A$1436,1))-INDEX(VN_국채일별!$B$4:$B$1436,MATCH($B10,VN_국채일별!$A$4:$A$1436,1)))*($J10-1),IF($J10<=3,INDEX(VN_국채일별!$C$4:$C$1436,MATCH($B10,VN_국채일별!$A$4:$A$1436,1))+(INDEX(VN_국채일별!$D$4:$D$1436,MATCH($B10,VN_국채일별!$A$4:$A$1436,1))-INDEX(VN_국채일별!$C$4:$C$1436,MATCH($B10,VN_국채일별!$A$4:$A$1436,1)))*($J10-2),IF($J10<=5,INDEX(VN_국채일별!$D$4:$D$1436,MATCH($B10,VN_국채일별!$A$4:$A$1436,1))+(INDEX(VN_국채일별!$E$4:$E$1436,MATCH($B10,VN_국채일별!$A$4:$A$1436,1))-INDEX(VN_국채일별!$D$4:$D$1436,MATCH($B10,VN_국채일별!$A$4:$A$1436,1)))*($J10-3)/2,IF($J10<=7,INDEX(VN_국채일별!$E$4:$E$1436,MATCH($B10,VN_국채일별!$A$4:$A$1436,1))+(INDEX(VN_국채일별!$F$4:$F$1436,MATCH($B10,VN_국채일별!$A$4:$A$1436,1))-INDEX(VN_국채일별!$E$4:$E$1436,MATCH($B10,VN_국채일별!$A$4:$A$1436,1)))*($J10-5)/2,IF($J10<=10,INDEX(VN_국채일별!$F$4:$F$1436,MATCH($B10,VN_국채일별!$A$4:$A$1436,1))+(INDEX(VN_국채일별!$G$4:$G$1436,MATCH($B10,VN_국채일별!$A$4:$A$1436,1))-INDEX(VN_국채일별!$F$4:$F$1436,MATCH($B10,VN_국채일별!$A$4:$A$1436,1)))*($J10-7)/3,INDEX(VN_국채일별!$G$4:$G$1436,MATCH($B10,VN_국채일별!$A$4:$A$1436,1)))))))),"")) -> 0.00586 | R10: =IF(OR(L10="",Q10=""),"",(L10-Q10)*10000) -> 291.4 | S10: =IF(AND(K10="고정",N10="N",J10>=2,J10<=4,I10<>""),1,0) -> 1 | T10: =IF(S10=1,I10*L10,0) -> 17.5 | U10: =IF(AND(S10=1,ISNUMBER(R10)),I10*R10,0) -> 145700 | V10: =IF(AND(F10="Big4(국영)",K10="고정",N10="N",I10<>""),1,0) -> 0 | W10: =IF(V10=1,I10*L10,0) -> 0 | X10: =IF(AND(V10=1,ISNUMBER(R10)),I10*R10,0) -> 0 | Y10: =IF(AND(S10=1,ISNUMBER(R10)),I10,0) -> 500 | Z10: =IF(AND(V10=1,ISNUMBER(R10)),I10,0) -> 0
A11: 2021-08 | B11: 44424 | C11: =DATE(YEAR(B11),MONTH(B11),1) -> 44409 | D11: =YEAR(B11)&"Q"&ROUNDUP(MONTH(B11)/3,0) -> 2021Q3 | E11: VIB | F11: 민간 | G11: NHTMCP QUỐC TẾ VIỆT NAM | H11: VIB2128011 | I11: 100 | J11: 7 | K11: 변동/혼합 | M11: 0.07575 | N11: Y | O11: 5 NĂM ĐẦU: LSTK 12T 4 NH (CTG, BIDV, VCB, AGR) + 2.0%, TỪ NĂM THỨ 6, + 3.5%/NĂM (LSPH: 7.575%) | Q11: =IF($J11="","",IFERROR(IF($J11<=1,INDEX(VN_국채일별!$B$4:$B$1436,MATCH($B11,VN_국채일별!$A$4:$A$1436,1)),IF($J11<=2,INDEX(VN_국채일별!$B$4:$B$1436,MATCH($B11,VN_국채일별!$A$4:$A$1436,1))+(INDEX(VN_국채일별!$C$4:$C$1436,MATCH($B11,VN_국채일별!$A$4:$A$1436,1))-INDEX(VN_국채일별!$B$4:$B$1436,MATCH($B11,VN_국채일별!$A$4:$A$1436,1)))*($J11-1),IF($J11<=3,INDEX(VN_국채일별!$C$4:$C$1436,MATCH($B11,VN_국채일별!$A$4:$A$1436,1))+(INDEX(VN_국채일별!$D$4:$D$1436,MATCH($B11,VN_국채일별!$A$4:$A$1436,1))-INDEX(VN_국채일별!$C$4:$C$1436,MATCH($B11,VN_국채일별!$A$4:$A$1436,1)))*($J11-2),IF($J11<=5,INDEX(VN_국채일별!$D$4:$D$1436,MATCH($B11,VN_국채일별!$A$4:$A$1436,1))+(INDEX(VN_국채일별!$E$4:$E$1436,MATCH($B11,VN_국채일별!$A$4:$A$1436,1))-INDEX(VN_국채일별!$D$4:$D$1436,MATCH($B11,VN_국채일별!$A$4:$A$1436,1)))*($J11-3)/2,IF($J11<=7,INDEX(VN_국채일별!$E$4:$E$1436,MATCH($B11,VN_국채일별!$A$4:$A$1436,1))+(INDEX(VN_국채일별!$F$4:$F$1436,MATCH($B11,VN_국채일별!$A$4:$A$1436,1))-INDEX(VN_국채일별!$E$4:$E$1436,MATCH($B11,VN_국채일별!$A$4:$A$1436,1)))*($J11-5)/2,IF($J11<=10,INDEX(VN_국채일별!$F$4:$F$1436,MATCH($B11,VN_국채일별!$A$4:$A$1436,1))+(INDEX(VN_국채일별!$G$4:$G$1436,MATCH($B11,VN_국채일별!$A$4:$A$1436,1))-INDEX(VN_국채일별!$F$4:$F$1436,MATCH($B11,VN_국채일별!$A$4:$A$1436,1)))*($J11-7)/3,INDEX(VN_국채일별!$G$4:$G$1436,MATCH($B11,VN_국채일별!$A$4:$A$1436,1)))))))),"")) -> 0.01242 | R11: =IF(OR(L11="",Q11=""),"",(L11-Q11)*10000) | S11: =IF(AND(K11="고정",N11="N",J11>=2,J11<=4,I11<>""),1,0) -> 0 | T11: =IF(S11=1,I11*L11,0) -> 0 | U11: =IF(AND(S11=1,ISNUMBER(R11)),I11*R11,0) -> 0 | V11: =IF(AND(F11="Big4(국영)",K11="고정",N11="N",I11<>""),1,0) -> 0 | W11: =IF(V11=1,I11*L11,0) -> 0 | X11: =IF(AND(V11=1,ISNUMBER(R11)),I11*R11,0) -> 0 | Y11: =IF(AND(S11=1,ISNUMBER(R11)),I11,0) -> 0 | Z11: =IF(AND(V11=1,ISNUMBER(R11)),I11,0) -> 0
A12: 2021-08 | B12: 44424 | C12: =DATE(YEAR(B12),MONTH(B12),1) -> 44409 | D12: =YEAR(B12)&"Q"&ROUNDUP(MONTH(B12)/3,0) -> 2021Q3 | E12: VietinBank | F12: Big4(국영) | G12: NHTMCP CÔNG THƯƠNG VIỆT NAM | H12: CTGL2129008 | I12: 720 | J12: 8 | K12: 변동/혼합 | M12: 0.0643 | N12: Y | O12: LS THẢ NỔI = TBC LSTK 12T 4 NH (BID, VCB, CTG, AGR) + 0.9%/năm. (LSPH thực tế: 6.43%) | Q12: =IF($J12="","",IFERROR(IF($J12<=1,INDEX(VN_국채일별!$B$4:$B$1436,MATCH($B12,VN_국채일별!$A$4:$A$1436,1)),IF($J12<=2,INDEX(VN_국채일별!$B$4:$B$1436,MATCH($B12,VN_국채일별!$A$4:$A$1436,1))+(INDEX(VN_국채일별!$C$4:$C$1436,MATCH($B12,VN_국채일별!$A$4:$A$1436,1))-INDEX(VN_국채일별!$B$4:$B$1436,MATCH($B12,VN_국채일별!$A$4:$A$1436,1)))*($J12-1),IF($J12<=3,INDEX(VN_국채일별!$C$4:$C$1436,MATCH($B12,VN_국채일별!$A$4:$A$1436,1))+(INDEX(VN_국채일별!$D$4:$D$1436,MATCH($B12,VN_국채일별!$A$4:$A$1436,1))-INDEX(VN_국채일별!$C$4:$C$1436,MATCH($B12,VN_국채일별!$A$4:$A$1436,1)))*($J12-2),IF($J12<=5,INDEX(VN_국채일별!$D$4:$D$1436,MATCH($B12,VN_국채일별!$A$4:$A$1436,1))+(INDEX(VN_국채일별!$E$4:$E$1436,MATCH($B12,VN_국채일별!$A$4:$A$1436,1))-INDEX(VN_국채일별!$D$4:$D$1436,MATCH($B12,VN_국채일별!$A$4:$A$1436,1)))*($J12-3)/2,IF($J12<=7,INDEX(VN_국채일별!$E$4:$E$1436,MATCH($B12,VN_국채일별!$A$4:$A$1436,1))+(INDEX(VN_국채일별!$F$4:$F$1436,MATCH($B12,VN_국채일별!$A$4:$A$1436,1))-INDEX(VN_국채일별!$E$4:$E$1436,MATCH($B12,VN_국채일별!$A$4:$A$1436,1)))*($J12-5)/2,IF($J12<=10,INDEX(VN_국채일별!$F$4:$F$1436,MATCH($B12,VN_국채일별!$A$4:$A$1436,1))+(INDEX(VN_국채일별!$G$4:$G$1436,MATCH($B12,VN_국채일별!$A$4:$A$1436,1))-INDEX(VN_국채일별!$F$4:$F$1436,MATCH($B12,VN_국채일별!$A$4:$A$1436,1)))*($J12-7)/3,INDEX(VN_국채일별!$G$4:$G$1436,MATCH($B12,VN_국채일별!$A$4:$A$1436,1)))))))),"")) -> 0.015066667 | R12: =IF(OR(L12="",Q12=""),"",(L12-Q12)*10000) | S12: =IF(AND(K12="고정",N12="N",J12>=2,J12<=4,I12<>""),1,0) -> 0 | T12: =IF(S12=1,I12*L12,0) -> 0 | U12: =IF(AND(S12=1,ISNUMBER(R12)),I12*R12,0) -> 0 | V12: =IF(AND(F12="Big4(국영)",K12="고정",N12="N",I12<>""),1,0) -> 0 | W12: =IF(V12=1,I12*L12,0) -> 0 | X12: =IF(AND(V12=1,ISNUMBER(R12)),I12*R12,0) -> 0 | Y12: =IF(AND(S12=1,ISNUMBER(R12)),I12,0) -> 0 | Z12: =IF(AND(V12=1,ISNUMBER(R12)),I12,0) -> 0
A13: 2021-08 | B13: 44426 | C13: =DATE(YEAR(B13),MONTH(B13),1) -> 44409 | D13: =YEAR(B13)&"Q"&ROUNDUP(MONTH(B13)/3,0) -> 2021Q3 | E13: BIDV | F13: Big4(국영) | G13: NHTMCP ĐẦU TƯ VÀ PHÁT TRIỂN VIỆT NAM | H13: BIDL2129025 | I13: 100 | J13: 8 | K13: 변동/혼합 | M13: 0.0643 | N13: Y | O13: LS THẢ NỔI = TBC LSTK 12T 4 NH (BID, VCB, CTG, AGR) + 0.9%/năm. TỪ NĂM THỨ 6 (NẾU KHÔNG MUA LẠI) = LSTC + 2.57%/NĂM (LSPH thực tế: 6.43%) | Q13: =IF($J13="","",IFERROR(IF($J13<=1,INDEX(VN_국채일별!$B$4:$B$1436,MATCH($B13,VN_국채일별!$A$4:$A$1436,1)),IF($J13<=2,INDEX(VN_국채일별!$B$4:$B$1436,MATCH($B13,VN_국채일별!$A$4:$A$1436,1))+(INDEX(VN_국채일별!$C$4:$C$1436,MATCH($B13,VN_국채일별!$A$4:$A$1436,1))-INDEX(VN_국채일별!$B$4:$B$1436,MATCH($B13,VN_국채일별!$A$4:$A$1436,1)))*($J13-1),IF($J13<=3,INDEX(VN_국채일별!$C$4:$C$1436,MATCH($B13,VN_국채일별!$A$4:$A$1436,1))+(INDEX(VN_국채일별!$D$4:$D$1436,MATCH($B13,VN_국채일별!$A$4:$A$1436,1))-INDEX(VN_국채일별!$C$4:$C$1436,MATCH($B13,VN_국채일별!$A$4:$A$1436,1)))*($J13-2),IF($J13<=5,INDEX(VN_국채일별!$D$4:$D$1436,MATCH($B13,VN_국채일별!$A$4:$A$1436,1))+(INDEX(VN_국채일별!$E$4:$E$1436,MATCH($B13,VN_국채일별!$A$4:$A$1436,1))-INDEX(VN_국채일별!$D$4:$D$1436,MATCH($B13,VN_국채일별!$A$4:$A$1436,1)))*($J13-3)/2,IF($J13<=7,INDEX(VN_국채일별!$E$4:$E$1436,MATCH($B13,VN_국채일별!$A$4:$A$1436,1))+(INDEX(VN_국채일별!$F$4:$F$1436,MATCH($B13,VN_국채일별!$A$4:$A$1436,1))-INDEX(VN_국채일별!$E$4:$E$1436,MATCH($B13,VN_국채일별!$A$4:$A$1436,1)))*($J13-5)/2,IF($J13<=10,INDEX(VN_국채일별!$F$4:$F$1436,MATCH($B13,VN_국채일별!$A$4:$A$1436,1))+(INDEX(VN_국채일별!$G$4:$G$1436,MATCH($B13,VN_국채일별!$A$4:$A$1436,1))-INDEX(VN_국채일별!$F$4:$F$1436,MATCH($B13,VN_국채일별!$A$4:$A$1436,1)))*($J13-7)/3,INDEX(VN_국채일별!$G$4:$G$1436,MATCH($B13,VN_국채일별!$A$4:$A$1436,1)))))))),"")) -> 0.014896667 | R13: =IF(OR(L13="",Q13=""),"",(L13-Q13)*10000) | S13: =IF(AND(K13="고정",N13="N",J13>=2,J13<=4,I13<>""),1,0) -> 0 | T13: =IF(S13=1,I13*L13,0) -> 0 | U13: =IF(AND(S13=1,ISNUMBER(R13)),I13*R13,0) -> 0 | V13: =IF(AND(F13="Big4(국영)",K13="고정",N13="N",I13<>""),1,0) -> 0 | W13: =IF(V13=1,I13*L13,0) -> 0 | X13: =IF(AND(V13=1,ISNUMBER(R13)),I13*R13,0) -> 0 | Y13: =IF(AND(S13=1,ISNUMBER(R13)),I13,0) -> 0 | Z13: =IF(AND(V13=1,ISNUMBER(R13)),I13,0) -> 0
A14: 2021-08 | B14: 44427 | C14: =DATE(YEAR(B14),MONTH(B14),1) -> 44409 | D14: =YEAR(B14)&"Q"&ROUNDUP(MONTH(B14)/3,0) -> 2021Q3 | E14: VIB | F14: 민간 | G14: NHTMCP QUỐC TẾ VIỆT NAM | H14: VIBL2128012 | I14: 50 | J14: 7 | K14: 변동/혼합 | M14: 0.07575 | N14: Y | O14: LS THẢ NỔI = TBC LSTK 12T 4 NH (BID, VCB, CTG, AGR) + 2.0%/năm. TỪ NĂM THỨ 6 (NẾU KHÔNG MUA LẠI) = LSTC + 3.5%/NĂM (LSPH thực tế: 7.575%) | Q14: =IF($J14="","",IFERROR(IF($J14<=1,INDEX(VN_국채일별!$B$4:$B$1436,MATCH($B14,VN_국채일별!$A$4:$A$1436,1)),IF($J14<=2,INDEX(VN_국채일별!$B$4:$B$1436,MATCH($B14,VN_국채일별!$A$4:$A$1436,1))+(INDEX(VN_국채일별!$C$4:$C$1436,MATCH($B14,VN_국채일별!$A$4:$A$1436,1))-INDEX(VN_국채일별!$B$4:$B$1436,MATCH($B14,VN_국채일별!$A$4:$A$1436,1)))*($J14-1),IF($J14<=3,INDEX(VN_국채일별!$C$4:$C$1436,MATCH($B14,VN_국채일별!$A$4:$A$1436,1))+(INDEX(VN_국채일별!$D$4:$D$1436,MATCH($B14,VN_국채일별!$A$4:$A$1436,1))-INDEX(VN_국채일별!$C$4:$C$1436,MATCH($B14,VN_국채일별!$A$4:$A$1436,1)))*($J14-2),IF($J14<=5,INDEX(VN_국채일별!$D$4:$D$1436,MATCH($B14,VN_국채일별!$A$4:$A$1436,1))+(INDEX(VN_국채일별!$E$4:$E$1436,MATCH($B14,VN_국채일별!$A$4:$A$1436,1))-INDEX(VN_국채일별!$D$4:$D$1436,MATCH($B14,VN_국채일별!$A$4:$A$1436,1)))*($J14-3)/2,IF($J14<=7,INDEX(VN_국채일별!$E$4:$E$1436,MATCH($B14,VN_국채일별!$A$4:$A$1436,1))+(INDEX(VN_국채일별!$F$4:$F$1436,MATCH($B14,VN_국채일별!$A$4:$A$1436,1))-INDEX(VN_국채일별!$E$4:$E$1436,MATCH($B14,VN_국채일별!$A$4:$A$1436,1)))*($J14-5)/2,IF($J14<=10,INDEX(VN_국채일별!$F$4:$F$1436,MATCH($B14,VN_국채일별!$A$4:$A$1436,1))+(INDEX(VN_국채일별!$G$4:$G$1436,MATCH($B14,VN_국채일별!$A$4:$A$1436,1))-INDEX(VN_국채일별!$F$4:$F$1436,MATCH($B14,VN_국채일별!$A$4:$A$1436,1)))*($J14-7)/3,INDEX(VN_국채일별!$G$4:$G$1436,MATCH($B14,VN_국채일별!$A$4:$A$1436,1)))))))),"")) -> 0.01206 | R14: =IF(OR(L14="",Q14=""),"",(L14-Q14)*10000) | S14: =IF(AND(K14="고정",N14="N",J14>=2,J14<=4,I14<>""),1,0) -> 0 | T14: =IF(S14=1,I14*L14,0) -> 0 | U14: =IF(AND(S14=1,ISNUMBER(R14)),I14*R14,0) -> 0 | V14: =IF(AND(F14="Big4(국영)",K14="고정",N14="N",I14<>""),1,0) -> 0 | W14: =IF(V14=1,I14*L14,0) -> 0 | X14: =IF(AND(V14=1,ISNUMBER(R14)),I14*R14,0) -> 0 | Y14: =IF(AND(S14=1,ISNUMBER(R14)),I14,0) -> 0 | Z14: =IF(AND(V14=1,ISNUMBER(R14)),I14,0) -> 0
A15: 2021-08 | B15: 44432 | C15: =DATE(YEAR(B15),MONTH(B15),1) -> 44409 | D15: =YEAR(B15)&"Q"&ROUNDUP(MONTH(B15)/3,0) -> 2021Q3 | E15: OCB | F15: 민간 | G15: NHTMCP PHƯƠNG ĐÔNG | H15: OCBL2124006 | I15: 1000 | J15: 3 | K15: 고정 | L15: 0.035 | N15: N | O15: 3.5%/NĂM | Q15: =IF($J15="","",IFERROR(IF($J15<=1,INDEX(VN_국채일별!$B$4:$B$1436,MATCH($B15,VN_국채일별!$A$4:$A$1436,1)),IF($J15<=2,INDEX(VN_국채일별!$B$4:$B$1436,MATCH($B15,VN_국채일별!$A$4:$A$1436,1))+(INDEX(VN_국채일별!$C$4:$C$1436,MATCH($B15,VN_국채일별!$A$4:$A$1436,1))-INDEX(VN_국채일별!$B$4:$B$1436,MATCH($B15,VN_국채일별!$A$4:$A$1436,1)))*($J15-1),IF($J15<=3,INDEX(VN_국채일별!$C$4:$C$1436,MATCH($B15,VN_국채일별!$A$4:$A$1436,1))+(INDEX(VN_국채일별!$D$4:$D$1436,MATCH($B15,VN_국채일별!$A$4:$A$1436,1))-INDEX(VN_국채일별!$C$4:$C$1436,MATCH($B15,VN_국채일별!$A$4:$A$1436,1)))*($J15-2),IF($J15<=5,INDEX(VN_국채일별!$D$4:$D$1436,MATCH($B15,VN_국채일별!$A$4:$A$1436,1))+(INDEX(VN_국채일별!$E$4:$E$1436,MATCH($B15,VN_국채일별!$A$4:$A$1436,1))-INDEX(VN_국채일별!$D$4:$D$1436,MATCH($B15,VN_국채일별!$A$4:$A$1436,1)))*($J15-3)/2,IF($J15<=7,INDEX(VN_국채일별!$E$4:$E$1436,MATCH($B15,VN_국채일별!$A$4:$A$1436,1))+(INDEX(VN_국채일별!$F$4:$F$1436,MATCH($B15,VN_국채일별!$A$4:$A$1436,1))-INDEX(VN_국채일별!$E$4:$E$1436,MATCH($B15,VN_국채일별!$A$4:$A$1436,1)))*($J15-5)/2,IF($J15<=10,INDEX(VN_국채일별!$F$4:$F$1436,MATCH($B15,VN_국채일별!$A$4:$A$1436,1))+(INDEX(VN_국채일별!$G$4:$G$1436,MATCH($B15,VN_국채일별!$A$4:$A$1436,1))-INDEX(VN_국채일별!$F$4:$F$1436,MATCH($B15,VN_국채일별!$A$4:$A$1436,1)))*($J15-7)/3,INDEX(VN_국채일별!$G$4:$G$1436,MATCH($B15,VN_국채일별!$A$4:$A$1436,1)))))))),"")) -> 0.00638 | R15: =IF(OR(L15="",Q15=""),"",(L15-Q15)*10000) -> 286.2 | S15: =IF(AND(K15="고정",N15="N",J15>=2,J15<=4,I15<>""),1,0) -> 1 | T15: =IF(S15=1,I15*L15,0) -> 35 | U15: =IF(AND(S15=1,ISNUMBER(R15)),I15*R15,0) -> 286200 | V15: =IF(AND(F15="Big4(국영)",K15="고정",N15="N",I15<>""),1,0) -> 0 | W15: =IF(V15=1,I15*L15,0) -> 0 | X15: =IF(AND(V15=1,ISNUMBER(R15)),I15*R15,0) -> 0 | Y15: =IF(AND(S15=1,ISNUMBER(R15)),I15,0) -> 1000 | Z15: =IF(AND(V15=1,ISNUMBER(R15)),I15,0) -> 0
A16: 2021-08 | B16: 44432 | C16: =DATE(YEAR(B16),MONTH(B16),1) -> 44409 | D16: =YEAR(B16)&"Q"&ROUNDUP(MONTH(B16)/3,0) -> 2021Q3 | E16: OCB | F16: 민간 | G16: NHTMCP PHƯƠNG ĐÔNG | H16: OCBL2124005 | I16: 1000 | J16: 3 | K16: 고정 | L16: 0.035 | N16: N | O16: 3.5%/NĂM | Q16: =IF($J16="","",IFERROR(IF($J16<=1,INDEX(VN_국채일별!$B$4:$B$1436,MATCH($B16,VN_국채일별!$A$4:$A$1436,1)),IF($J16<=2,INDEX(VN_국채일별!$B$4:$B$1436,MATCH($B16,VN_국채일별!$A$4:$A$1436,1))+(INDEX(VN_국채일별!$C$4:$C$1436,MATCH($B16,VN_국채일별!$A$4:$A$1436,1))-INDEX(VN_국채일별!$B$4:$B$1436,MATCH($B16,VN_국채일별!$A$4:$A$1436,1)))*($J16-1),IF($J16<=3,INDEX(VN_국채일별!$C$4:$C$1436,MATCH($B16,VN_국채일별!$A$4:$A$1436,1))+(INDEX(VN_국채일별!$D$4:$D$1436,MATCH($B16,VN_국채일별!$A$4:$A$1436,1))-INDEX(VN_국채일별!$C$4:$C$1436,MATCH($B16,VN_국채일별!$A$4:$A$1436,1)))*($J16-2),IF($J16<=5,INDEX(VN_국채일별!$D$4:$D$1436,MATCH($B16,VN_국채일별!$A$4:$A$1436,1))+(INDEX(VN_국채일별!$E$4:$E$1436,MATCH($B16,VN_국채일별!$A$4:$A$1436,1))-INDEX(VN_국채일별!$D$4:$D$1436,MATCH($B16,VN_국채일별!$A$4:$A$1436,1)))*($J16-3)/2,IF($J16<=7,INDEX(VN_국채일별!$E$4:$E$1436,MATCH($B16,VN_국채일별!$A$4:$A$1436,1))+(INDEX(VN_국채일별!$F$4:$F$1436,MATCH($B16,VN_국채일별!$A$4:$A$1436,1))-INDEX(VN_국채일별!$E$4:$E$1436,MATCH($B16,VN_국채일별!$A$4:$A$1436,1)))*($J16-5)/2,IF($J16<=10,INDEX(VN_국채일별!$F$4:$F$1436,MATCH($B16,VN_국채일별!$A$4:$A$1436,1))+(INDEX(VN_국채일별!$G$4:$G$1436,MATCH($B16,VN_국채일별!$A$4:$A$1436,1))-INDEX(VN_국채일별!$F$4:$F$1436,MATCH($B16,VN_국채일별!$A$4:$A$1436,1)))*($J16-7)/3,INDEX(VN_국채일별!$G$4:$G$1436,MATCH($B16,VN_국채일별!$A$4:$A$1436,1)))))))),"")) -> 0.00638 | R16: =IF(OR(L16="",Q16=""),"",(L16-Q16)*10000) -> 286.2 | S16: =IF(AND(K16="고정",N16="N",J16>=2,J16<=4,I16<>""),1,0) -> 1 | T16: =IF(S16=1,I16*L16,0) -> 35 | U16: =IF(AND(S16=1,ISNUMBER(R16)),I16*R16,0) -> 286200 | V16: =IF(AND(F16="Big4(국영)",K16="고정",N16="N",I16<>""),1,0) -> 0 | W16: =IF(V16=1,I16*L16,0) -> 0 | X16: =IF(AND(V16=1,ISNUMBER(R16)),I16*R16,0) -> 0 | Y16: =IF(AND(S16=1,ISNUMBER(R16)),I16,0) -> 1000 | Z16: =IF(AND(V16=1,ISNUMBER(R16)),I16,0) -> 0
A17: 2021-08 | B17: 44433 | C17: =DATE(YEAR(B17),MONTH(B17),1) -> 44409 | D17: =YEAR(B17)&"Q"&ROUNDUP(MONTH(B17)/3,0) -> 2021Q3 | E17: VIB | F17: 민간 | G17: NHTMCP QUỐC TẾ VIỆT NAM | H17: VIB2125013 | I17: 600 | J17: 4 | K17: 고정 | L17: 0.038 | N17: N | O17: 3.8%/NĂM | Q17: =IF($J17="","",IFERROR(IF($J17<=1,INDEX(VN_국채일별!$B$4:$B$1436,MATCH($B17,VN_국채일별!$A$4:$A$1436,1)),IF($J17<=2,INDEX(VN_국채일별!$B$4:$B$1436,MATCH($B17,VN_국채일별!$A$4:$A$1436,1))+(INDEX(VN_국채일별!$C$4:$C$1436,MATCH($B17,VN_국채일별!$A$4:$A$1436,1))-INDEX(VN_국채일별!$B$4:$B$1436,MATCH($B17,VN_국채일별!$A$4:$A$1436,1)))*($J17-1),IF($J17<=3,INDEX(VN_국채일별!$C$4:$C$1436,MATCH($B17,VN_국채일별!$A$4:$A$1436,1))+(INDEX(VN_국채일별!$D$4:$D$1436,MATCH($B17,VN_국채일별!$A$4:$A$1436,1))-INDEX(VN_국채일별!$C$4:$C$1436,MATCH($B17,VN_국채일별!$A$4:$A$1436,1)))*($J17-2),IF($J17<=5,INDEX(VN_국채일별!$D$4:$D$1436,MATCH($B17,VN_국채일별!$A$4:$A$1436,1))+(INDEX(VN_국채일별!$E$4:$E$1436,MATCH($B17,VN_국채일별!$A$4:$A$1436,1))-INDEX(VN_국채일별!$D$4:$D$1436,MATCH($B17,VN_국채일별!$A$4:$A$1436,1)))*($J17-3)/2,IF($J17<=7,INDEX(VN_국채일별!$E$4:$E$1436,MATCH($B17,VN_국채일별!$A$4:$A$1436,1))+(INDEX(VN_국채일별!$F$4:$F$1436,MATCH($B17,VN_국채일별!$A$4:$A$1436,1))-INDEX(VN_국채일별!$E$4:$E$1436,MATCH($B17,VN_국채일별!$A$4:$A$1436,1)))*($J17-5)/2,IF($J17<=10,INDEX(VN_국채일별!$F$4:$F$1436,MATCH($B17,VN_국채일별!$A$4:$A$1436,1))+(INDEX(VN_국채일별!$G$4:$G$1436,MATCH($B17,VN_국채일별!$A$4:$A$1436,1))-INDEX(VN_국채일별!$F$4:$F$1436,MATCH($B17,VN_국채일별!$A$4:$A$1436,1)))*($J17-7)/3,INDEX(VN_국채일별!$G$4:$G$1436,MATCH($B17,VN_국채일별!$A$4:$A$1436,1)))))))),"")) -> 0.0074 | R17: =IF(OR(L17="",Q17=""),"",(L17-Q17)*10000) -> 306 | S17: =IF(AND(K17="고정",N17="N",J17>=2,J17<=4,I17<>""),1,0) -> 1 | T17: =IF(S17=1,I17*L17,0) -> 22.8 | U17: =IF(AND(S17=1,ISNUMBER(R17)),I17*R17,0) -> 183600 | V17: =IF(AND(F17="Big4(국영)",K17="고정",N17="N",I17<>""),1,0) -> 0 | W17: =IF(V17=1,I17*L17,0) -> 0 | X17: =IF(AND(V17=1,ISNUMBER(R17)),I17*R17,0) -> 0 | Y17: =IF(AND(S17=1,ISNUMBER(R17)),I17,0) -> 600 | Z17: =IF(AND(V17=1,ISNUMBER(R17)),I17,0) -> 0
A18: 2021-08 | B18: 44433 | C18: =DATE(YEAR(B18),MONTH(B18),1) -> 44409 | D18: =YEAR(B18)&"Q"&ROUNDUP(MONTH(B18)/3,0) -> 2021Q3 | E18: VietinBank | F18: Big4(국영) | G18: NHTMCP CÔNG THƯƠNG VIỆT NAM | H18: CTGL2128009 | I18: 34 | J18: 7 | K18: 변동/혼합 | M18: 0.0613 | N18: Y | O18: LS THẢ NỔI = TBC LSTK 12T 4 NH (BID, VCB, CTG, AGR) + 0.6%/năm. (LSPH thực tế: 6.13%) | Q18: =IF($J18="","",IFERROR(IF($J18<=1,INDEX(VN_국채일별!$B$4:$B$1436,MATCH($B18,VN_국채일별!$A$4:$A$1436,1)),IF($J18<=2,INDEX(VN_국채일별!$B$4:$B$1436,MATCH($B18,VN_국채일별!$A$4:$A$1436,1))+(INDEX(VN_국채일별!$C$4:$C$1436,MATCH($B18,VN_국채일별!$A$4:$A$1436,1))-INDEX(VN_국채일별!$B$4:$B$1436,MATCH($B18,VN_국채일별!$A$4:$A$1436,1)))*($J18-1),IF($J18<=3,INDEX(VN_국채일별!$C$4:$C$1436,MATCH($B18,VN_국채일별!$A$4:$A$1436,1))+(INDEX(VN_국채일별!$D$4:$D$1436,MATCH($B18,VN_국채일별!$A$4:$A$1436,1))-INDEX(VN_국채일별!$C$4:$C$1436,MATCH($B18,VN_국채일별!$A$4:$A$1436,1)))*($J18-2),IF($J18<=5,INDEX(VN_국채일별!$D$4:$D$1436,MATCH($B18,VN_국채일별!$A$4:$A$1436,1))+(INDEX(VN_국채일별!$E$4:$E$1436,MATCH($B18,VN_국채일별!$A$4:$A$1436,1))-INDEX(VN_국채일별!$D$4:$D$1436,MATCH($B18,VN_국채일별!$A$4:$A$1436,1)))*($J18-3)/2,IF($J18<=7,INDEX(VN_국채일별!$E$4:$E$1436,MATCH($B18,VN_국채일별!$A$4:$A$1436,1))+(INDEX(VN_국채일별!$F$4:$F$1436,MATCH($B18,VN_국채일별!$A$4:$A$1436,1))-INDEX(VN_국채일별!$E$4:$E$1436,MATCH($B18,VN_국채일별!$A$4:$A$1436,1)))*($J18-5)/2,IF($J18<=10,INDEX(VN_국채일별!$F$4:$F$1436,MATCH($B18,VN_국채일별!$A$4:$A$1436,1))+(INDEX(VN_국채일별!$G$4:$G$1436,MATCH($B18,VN_국채일별!$A$4:$A$1436,1))-INDEX(VN_국채일별!$F$4:$F$1436,MATCH($B18,VN_국채일별!$A$4:$A$1436,1)))*($J18-7)/3,INDEX(VN_국채일별!$G$4:$G$1436,MATCH($B18,VN_국채일별!$A$4:$A$1436,1)))))))),"")) -> 0.01163 | R18: =IF(OR(L18="",Q18=""),"",(L18-Q18)*10000) | S18: =IF(AND(K18="고정",N18="N",J18>=2,J18<=4,I18<>""),1,0) -> 0 | T18: =IF(S18=1,I18*L18,0) -> 0 | U18: =IF(AND(S18=1,ISNUMBER(R18)),I18*R18,0) -> 0 | V18: =IF(AND(F18="Big4(국영)",K18="고정",N18="N",I18<>""),1,0) -> 0 | W18: =IF(V18=1,I18*L18,0) -> 0 | X18: =IF(AND(V18=1,ISNUMBER(R18)),I18*R18,0) -> 0 | Y18: =IF(AND(S18=1,ISNUMBER(R18)),I18,0) -> 0 | Z18: =IF(AND(V18=1,ISNUMBER(R18)),I18,0) -> 0
A19: 2021-08 | B19: 44434 | C19: =DATE(YEAR(B19),MONTH(B19),1) -> 44409 | D19: =YEAR(B19)&"Q"&ROUNDUP(MONTH(B19)/3,0) -> 2021Q3 | E19: VIB | F19: 민간 | G19: NHTMCP QUốc tế Việt Nam | H19: VIBL2125014 | I19: 400 | J19: 4 | K19: 고정 | L19: 0.038 | N19: N | O19: 3.8%/NĂM | Q19: =IF($J19="","",IFERROR(IF($J19<=1,INDEX(VN_국채일별!$B$4:$B$1436,MATCH($B19,VN_국채일별!$A$4:$A$1436,1)),IF($J19<=2,INDEX(VN_국채일별!$B$4:$B$1436,MATCH($B19,VN_국채일별!$A$4:$A$1436,1))+(INDEX(VN_국채일별!$C$4:$C$1436,MATCH($B19,VN_국채일별!$A$4:$A$1436,1))-INDEX(VN_국채일별!$B$4:$B$1436,MATCH($B19,VN_국채일별!$A$4:$A$1436,1)))*($J19-1),IF($J19<=3,INDEX(VN_국채일별!$C$4:$C$1436,MATCH($B19,VN_국채일별!$A$4:$A$1436,1))+(INDEX(VN_국채일별!$D$4:$D$1436,MATCH($B19,VN_국채일별!$A$4:$A$1436,1))-INDEX(VN_국채일별!$C$4:$C$1436,MATCH($B19,VN_국채일별!$A$4:$A$1436,1)))*($J19-2),IF($J19<=5,INDEX(VN_국채일별!$D$4:$D$1436,MATCH($B19,VN_국채일별!$A$4:$A$1436,1))+(INDEX(VN_국채일별!$E$4:$E$1436,MATCH($B19,VN_국채일별!$A$4:$A$1436,1))-INDEX(VN_국채일별!$D$4:$D$1436,MATCH($B19,VN_국채일별!$A$4:$A$1436,1)))*($J19-3)/2,IF($J19<=7,INDEX(VN_국채일별!$E$4:$E$1436,MATCH($B19,VN_국채일별!$A$4:$A$1436,1))+(INDEX(VN_국채일별!$F$4:$F$1436,MATCH($B19,VN_국채일별!$A$4:$A$1436,1))-INDEX(VN_국채일별!$E$4:$E$1436,MATCH($B19,VN_국채일별!$A$4:$A$1436,1)))*($J19-5)/2,IF($J19<=10,INDEX(VN_국채일별!$F$4:$F$1436,MATCH($B19,VN_국채일별!$A$4:$A$1436,1))+(INDEX(VN_국채일별!$G$4:$G$1436,MATCH($B19,VN_국채일별!$A$4:$A$1436,1))-INDEX(VN_국채일별!$F$4:$F$1436,MATCH($B19,VN_국채일별!$A$4:$A$1436,1)))*($J19-7)/3,INDEX(VN_국채일별!$G$4:$G$1436,MATCH($B19,VN_국채일별!$A$4:$A$1436,1)))))))),"")) -> 0.00736 | R19: =IF(OR(L19="",Q19=""),"",(L19-Q19)*10000) -> 306.4 | S19: =IF(AND(K19="고정",N19="N",J19>=2,J19<=4,I19<>""),1,0) -> 1 | T19: =IF(S19=1,I19*L19,0) -> 15.2 | U19: =IF(AND(S19=1,ISNUMBER(R19)),I19*R19,0) -> 122560 | V19: =IF(AND(F19="Big4(국영)",K19="고정",N19="N",I19<>""),1,0) -> 0 | W19: =IF(V19=1,I19*L19,0) -> 0 | X19: =IF(AND(V19=1,ISNUMBER(R19)),I19*R19,0) -> 0 | Y19: =IF(AND(S19=1,ISNUMBER(R19)),I19,0) -> 400 | Z19: =IF(AND(V19=1,ISNUMBER(R19)),I19,0) -> 0
A20: 2021-08 | B20: 44434 | C20: =DATE(YEAR(B20),MONTH(B20),1) -> 44409 | D20: =YEAR(B20)&"Q"&ROUNDUP(MONTH(B20)/3,0) -> 2021Q3 | E20: SHB | F20: 민간 | G20: NHTMCP SÀI GÒN HÀ NỘI | H20: SHBH2123006 | I20: 900 | J20: 2 | K20: 고정 | L20: 0.042 | N20: N | O20: 4.2%/NĂM | Q20: =IF($J20="","",IFERROR(IF($J20<=1,INDEX(VN_국채일별!$B$4:$B$1436,MATCH($B20,VN_국채일별!$A$4:$A$1436,1)),IF($J20<=2,INDEX(VN_국채일별!$B$4:$B$1436,MATCH($B20,VN_국채일별!$A$4:$A$1436,1))+(INDEX(VN_국채일별!$C$4:$C$1436,MATCH($B20,VN_국채일별!$A$4:$A$1436,1))-INDEX(VN_국채일별!$B$4:$B$1436,MATCH($B20,VN_국채일별!$A$4:$A$1436,1)))*($J20-1),IF($J20<=3,INDEX(VN_국채일별!$C$4:$C$1436,MATCH($B20,VN_국채일별!$A$4:$A$1436,1))+(INDEX(VN_국채일별!$D$4:$D$1436,MATCH($B20,VN_국채일별!$A$4:$A$1436,1))-INDEX(VN_국채일별!$C$4:$C$1436,MATCH($B20,VN_국채일별!$A$4:$A$1436,1)))*($J20-2),IF($J20<=5,INDEX(VN_국채일별!$D$4:$D$1436,MATCH($B20,VN_국채일별!$A$4:$A$1436,1))+(INDEX(VN_국채일별!$E$4:$E$1436,MATCH($B20,VN_국채일별!$A$4:$A$1436,1))-INDEX(VN_국채일별!$D$4:$D$1436,MATCH($B20,VN_국채일별!$A$4:$A$1436,1)))*($J20-3)/2,IF($J20<=7,INDEX(VN_국채일별!$E$4:$E$1436,MATCH($B20,VN_국채일별!$A$4:$A$1436,1))+(INDEX(VN_국채일별!$F$4:$F$1436,MATCH($B20,VN_국채일별!$A$4:$A$1436,1))-INDEX(VN_국채일별!$E$4:$E$1436,MATCH($B20,VN_국채일별!$A$4:$A$1436,1)))*($J20-5)/2,IF($J20<=10,INDEX(VN_국채일별!$F$4:$F$1436,MATCH($B20,VN_국채일별!$A$4:$A$1436,1))+(INDEX(VN_국채일별!$G$4:$G$1436,MATCH($B20,VN_국채일별!$A$4:$A$1436,1))-INDEX(VN_국채일별!$F$4:$F$1436,MATCH($B20,VN_국채일별!$A$4:$A$1436,1)))*($J20-7)/3,INDEX(VN_국채일별!$G$4:$G$1436,MATCH($B20,VN_국채일별!$A$4:$A$1436,1)))))))),"")) -> 0.00582 | R20: =IF(OR(L20="",Q20=""),"",(L20-Q20)*10000) -> 361.8 | S20: =IF(AND(K20="고정",N20="N",J20>=2,J20<=4,I20<>""),1,0) -> 1 | T20: =IF(S20=1,I20*L20,0) -> 37.8 | U20: =IF(AND(S20=1,ISNUMBER(R20)),I20*R20,0) -> 325620 | V20: =IF(AND(F20="Big4(국영)",K20="고정",N20="N",I20<>""),1,0) -> 0 | W20: =IF(V20=1,I20*L20,0) -> 0 | X20: =IF(AND(V20=1,ISNUMBER(R20)),I20*R20,0) -> 0 | Y20: =IF(AND(S20=1,ISNUMBER(R20)),I20,0) -> 900 | Z20: =IF(AND(V20=1,ISNUMBER(R20)),I20,0) -> 0
A21: 2021-08 | B21: 44438 | C21: =DATE(YEAR(B21),MONTH(B21),1) -> 44409 | D21: =YEAR(B21)&"Q"&ROUNDUP(MONTH(B21)/3,0) -> 2021Q3 | E21: SHB | F21: 민간 | G21: NHTMCP SÀI GÒN HÀ NỘI | H21: SHBH2123007 | I21: 500 | J21: 2 | K21: 고정 | L21: 0.042 | N21: N | O21: 4.2%/NĂM | Q21: =IF($J21="","",IFERROR(IF($J21<=1,INDEX(VN_국채일별!$B$4:$B$1436,MATCH($B21,VN_국채일별!$A$4:$A$1436,1)),IF($J21<=2,INDEX(VN_국채일별!$B$4:$B$1436,MATCH($B21,VN_국채일별!$A$4:$A$1436,1))+(INDEX(VN_국채일별!$C$4:$C$1436,MATCH($B21,VN_국채일별!$A$4:$A$1436,1))-INDEX(VN_국채일별!$B$4:$B$1436,MATCH($B21,VN_국채일별!$A$4:$A$1436,1)))*($J21-1),IF($J21<=3,INDEX(VN_국채일별!$C$4:$C$1436,MATCH($B21,VN_국채일별!$A$4:$A$1436,1))+(INDEX(VN_국채일별!$D$4:$D$1436,MATCH($B21,VN_국채일별!$A$4:$A$1436,1))-INDEX(VN_국채일별!$C$4:$C$1436,MATCH($B21,VN_국채일별!$A$4:$A$1436,1)))*($J21-2),IF($J21<=5,INDEX(VN_국채일별!$D$4:$D$1436,MATCH($B21,VN_국채일별!$A$4:$A$1436,1))+(INDEX(VN_국채일별!$E$4:$E$1436,MATCH($B21,VN_국채일별!$A$4:$A$1436,1))-INDEX(VN_국채일별!$D$4:$D$1436,MATCH($B21,VN_국채일별!$A$4:$A$1436,1)))*($J21-3)/2,IF($J21<=7,INDEX(VN_국채일별!$E$4:$E$1436,MATCH($B21,VN_국채일별!$A$4:$A$1436,1))+(INDEX(VN_국채일별!$F$4:$F$1436,MATCH($B21,VN_국채일별!$A$4:$A$1436,1))-INDEX(VN_국채일별!$E$4:$E$1436,MATCH($B21,VN_국채일별!$A$4:$A$1436,1)))*($J21-5)/2,IF($J21<=10,INDEX(VN_국채일별!$F$4:$F$1436,MATCH($B21,VN_국채일별!$A$4:$A$1436,1))+(INDEX(VN_국채일별!$G$4:$G$1436,MATCH($B21,VN_국채일별!$A$4:$A$1436,1))-INDEX(VN_국채일별!$F$4:$F$1436,MATCH($B21,VN_국채일별!$A$4:$A$1436,1)))*($J21-7)/3,INDEX(VN_국채일별!$G$4:$G$1436,MATCH($B21,VN_국채일별!$A$4:$A$1436,1)))))))),"")) -> 0.00579 | R21: =IF(OR(L21="",Q21=""),"",(L21-Q21)*10000) -> 362.1 | S21: =IF(AND(K21="고정",N21="N",J21>=2,J21<=4,I21<>""),1,0) -> 1 | T21: =IF(S21=1,I21*L21,0) -> 21 | U21: =IF(AND(S21=1,ISNUMBER(R21)),I21*R21,0) -> 181050 | V21: =IF(AND(F21="Big4(국영)",K21="고정",N21="N",I21<>""),1,0) -> 0 | W21: =IF(V21=1,I21*L21,0) -> 0 | X21: =IF(AND(V21=1,ISNUMBER(R21)),I21*R21,0) -> 0 | Y21: =IF(AND(S21=1,ISNUMBER(R21)),I21,0) -> 500 | Z21: =IF(AND(V21=1,ISNUMBER(R21)),I21,0) -> 0
A22: 2021-08 | B22: 44438 | C22: =DATE(YEAR(B22),MONTH(B22),1) -> 44409 | D22: =YEAR(B22)&"Q"&ROUNDUP(MONTH(B22)/3,0) -> 2021Q3 | E22: VPBank | F22: 민간 | G22: NHTMCP Việt Nam Thịnh Vượng | H22: VPBL2125022 | I22: 500 | J22: 4 | K22: 고정 | L22: 0.04 | N22: N | O22: 4%/năm | Q22: =IF($J22="","",IFERROR(IF($J22<=1,INDEX(VN_국채일별!$B$4:$B$1436,MATCH($B22,VN_국채일별!$A$4:$A$1436,1)),IF($J22<=2,INDEX(VN_국채일별!$B$4:$B$1436,MATCH($B22,VN_국채일별!$A$4:$A$1436,1))+(INDEX(VN_국채일별!$C$4:$C$1436,MATCH($B22,VN_국채일별!$A$4:$A$1436,1))-INDEX(VN_국채일별!$B$4:$B$1436,MATCH($B22,VN_국채일별!$A$4:$A$1436,1)))*($J22-1),IF($J22<=3,INDEX(VN_국채일별!$C$4:$C$1436,MATCH($B22,VN_국채일별!$A$4:$A$1436,1))+(INDEX(VN_국채일별!$D$4:$D$1436,MATCH($B22,VN_국채일별!$A$4:$A$1436,1))-INDEX(VN_국채일별!$C$4:$C$1436,MATCH($B22,VN_국채일별!$A$4:$A$1436,1)))*($J22-2),IF($J22<=5,INDEX(VN_국채일별!$D$4:$D$1436,MATCH($B22,VN_국채일별!$A$4:$A$1436,1))+(INDEX(VN_국채일별!$E$4:$E$1436,MATCH($B22,VN_국채일별!$A$4:$A$1436,1))-INDEX(VN_국채일별!$D$4:$D$1436,MATCH($B22,VN_국채일별!$A$4:$A$1436,1)))*($J22-3)/2,IF($J22<=7,INDEX(VN_국채일별!$E$4:$E$1436,MATCH($B22,VN_국채일별!$A$4:$A$1436,1))+(INDEX(VN_국채일별!$F$4:$F$1436,MATCH($B22,VN_국채일별!$A$4:$A$1436,1))-INDEX(VN_국채일별!$E$4:$E$1436,MATCH($B22,VN_국채일별!$A$4:$A$1436,1)))*($J22-5)/2,IF($J22<=10,INDEX(VN_국채일별!$F$4:$F$1436,MATCH($B22,VN_국채일별!$A$4:$A$1436,1))+(INDEX(VN_국채일별!$G$4:$G$1436,MATCH($B22,VN_국채일별!$A$4:$A$1436,1))-INDEX(VN_국채일별!$F$4:$F$1436,MATCH($B22,VN_국채일별!$A$4:$A$1436,1)))*($J22-7)/3,INDEX(VN_국채일별!$G$4:$G$1436,MATCH($B22,VN_국채일별!$A$4:$A$1436,1)))))))),"")) -> 0.00754 | R22: =IF(OR(L22="",Q22=""),"",(L22-Q22)*10000) -> 324.6 | S22: =IF(AND(K22="고정",N22="N",J22>=2,J22<=4,I22<>""),1,0) -> 1 | T22: =IF(S22=1,I22*L22,0) -> 20 | U22: =IF(AND(S22=1,ISNUMBER(R22)),I22*R22,0) -> 162300 | V22: =IF(AND(F22="Big4(국영)",K22="고정",N22="N",I22<>""),1,0) -> 0 | W22: =IF(V22=1,I22*L22,0) -> 0 | X22: =IF(AND(V22=1,ISNUMBER(R22)),I22*R22,0) -> 0 | Y22: =IF(AND(S22=1,ISNUMBER(R22)),I22,0) -> 500 | Z22: =IF(AND(V22=1,ISNUMBER(R22)),I22,0) -> 0
A23: 2021-08 | B23: 44438 | C23: =DATE(YEAR(B23),MONTH(B23),1) -> 44409 | D23: =YEAR(B23)&"Q"&ROUNDUP(MONTH(B23)/3,0) -> 2021Q3 | E23: BIDV | F23: Big4(국영) | G23: NHTMCP ĐẦU TƯ VÀ PHÁT TRIỂN VIỆT NAM | H23: BIDL2136027 | I23: 200 | J23: 15 | K23: 변동/혼합 | N23: Y | O23: 6.9%/năm (nếu năm 11 chưa mua lại, ls = 7.9%/năm) | Q23: =IF($J23="","",IFERROR(IF($J23<=1,INDEX(VN_국채일별!$B$4:$B$1436,MATCH($B23,VN_국채일별!$A$4:$A$1436,1)),IF($J23<=2,INDEX(VN_국채일별!$B$4:$B$1436,MATCH($B23,VN_국채일별!$A$4:$A$1436,1))+(INDEX(VN_국채일별!$C$4:$C$1436,MATCH($B23,VN_국채일별!$A$4:$A$1436,1))-INDEX(VN_국채일별!$B$4:$B$1436,MATCH($B23,VN_국채일별!$A$4:$A$1436,1)))*($J23-1),IF($J23<=3,INDEX(VN_국채일별!$C$4:$C$1436,MATCH($B23,VN_국채일별!$A$4:$A$1436,1))+(INDEX(VN_국채일별!$D$4:$D$1436,MATCH($B23,VN_국채일별!$A$4:$A$1436,1))-INDEX(VN_국채일별!$C$4:$C$1436,MATCH($B23,VN_국채일별!$A$4:$A$1436,1)))*($J23-2),IF($J23<=5,INDEX(VN_국채일별!$D$4:$D$1436,MATCH($B23,VN_국채일별!$A$4:$A$1436,1))+(INDEX(VN_국채일별!$E$4:$E$1436,MATCH($B23,VN_국채일별!$A$4:$A$1436,1))-INDEX(VN_국채일별!$D$4:$D$1436,MATCH($B23,VN_국채일별!$A$4:$A$1436,1)))*($J23-3)/2,IF($J23<=7,INDEX(VN_국채일별!$E$4:$E$1436,MATCH($B23,VN_국채일별!$A$4:$A$1436,1))+(INDEX(VN_국채일별!$F$4:$F$1436,MATCH($B23,VN_국채일별!$A$4:$A$1436,1))-INDEX(VN_국채일별!$E$4:$E$1436,MATCH($B23,VN_국채일별!$A$4:$A$1436,1)))*($J23-5)/2,IF($J23<=10,INDEX(VN_국채일별!$F$4:$F$1436,MATCH($B23,VN_국채일별!$A$4:$A$1436,1))+(INDEX(VN_국채일별!$G$4:$G$1436,MATCH($B23,VN_국채일별!$A$4:$A$1436,1))-INDEX(VN_국채일별!$F$4:$F$1436,MATCH($B23,VN_국채일별!$A$4:$A$1436,1)))*($J23-7)/3,INDEX(VN_국채일별!$G$4:$G$1436,MATCH($B23,VN_국채일별!$A$4:$A$1436,1)))))))),"")) -> 0.02028 | R23: =IF(OR(L23="",Q23=""),"",(L23-Q23)*10000) | S23: =IF(AND(K23="고정",N23="N",J23>=2,J23<=4,I23<>""),1,0) -> 0 | T23: =IF(S23=1,I23*L23,0) -> 0 | U23: =IF(AND(S23=1,ISNUMBER(R23)),I23*R23,0) -> 0 | V23: =IF(AND(F23="Big4(국영)",K23="고정",N23="N",I23<>""),1,0) -> 0 | W23: =IF(V23=1,I23*L23,0) -> 0 | X23: =IF(AND(V23=1,ISNUMBER(R23)),I23*R23,0) -> 0 | Y23: =IF(AND(S23=1,ISNUMBER(R23)),I23,0) -> 0 | Z23: =IF(AND(V23=1,ISNUMBER(R23)),I23,0) -> 0
A24: 2021-08 | B24: 44439 | C24: =DATE(YEAR(B24),MONTH(B24),1) -> 44409 | D24: =YEAR(B24)&"Q"&ROUNDUP(MONTH(B24)/3,0) -> 2021Q3 | E24: VPBank | F24: 민간 | G24: NHTMCP Việt Nam Thịnh Vượng | H24: VPBL2124023 | I24: 2130 | J24: 3 | K24: 고정 | L24: 0.039 | N24: N | O24: 3.9%/NĂM | Q24: =IF($J24="","",IFERROR(IF($J24<=1,INDEX(VN_국채일별!$B$4:$B$1436,MATCH($B24,VN_국채일별!$A$4:$A$1436,1)),IF($J24<=2,INDEX(VN_국채일별!$B$4:$B$1436,MATCH($B24,VN_국채일별!$A$4:$A$1436,1))+(INDEX(VN_국채일별!$C$4:$C$1436,MATCH($B24,VN_국채일별!$A$4:$A$1436,1))-INDEX(VN_국채일별!$B$4:$B$1436,MATCH($B24,VN_국채일별!$A$4:$A$1436,1)))*($J24-1),IF($J24<=3,INDEX(VN_국채일별!$C$4:$C$1436,MATCH($B24,VN_국채일별!$A$4:$A$1436,1))+(INDEX(VN_국채일별!$D$4:$D$1436,MATCH($B24,VN_국채일별!$A$4:$A$1436,1))-INDEX(VN_국채일별!$C$4:$C$1436,MATCH($B24,VN_국채일별!$A$4:$A$1436,1)))*($J24-2),IF($J24<=5,INDEX(VN_국채일별!$D$4:$D$1436,MATCH($B24,VN_국채일별!$A$4:$A$1436,1))+(INDEX(VN_국채일별!$E$4:$E$1436,MATCH($B24,VN_국채일별!$A$4:$A$1436,1))-INDEX(VN_국채일별!$D$4:$D$1436,MATCH($B24,VN_국채일별!$A$4:$A$1436,1)))*($J24-3)/2,IF($J24<=7,INDEX(VN_국채일별!$E$4:$E$1436,MATCH($B24,VN_국채일별!$A$4:$A$1436,1))+(INDEX(VN_국채일별!$F$4:$F$1436,MATCH($B24,VN_국채일별!$A$4:$A$1436,1))-INDEX(VN_국채일별!$E$4:$E$1436,MATCH($B24,VN_국채일별!$A$4:$A$1436,1)))*($J24-5)/2,IF($J24<=10,INDEX(VN_국채일별!$F$4:$F$1436,MATCH($B24,VN_국채일별!$A$4:$A$1436,1))+(INDEX(VN_국채일별!$G$4:$G$1436,MATCH($B24,VN_국채일별!$A$4:$A$1436,1))-INDEX(VN_국채일별!$F$4:$F$1436,MATCH($B24,VN_국채일별!$A$4:$A$1436,1)))*($J24-7)/3,INDEX(VN_국채일별!$G$4:$G$1436,MATCH($B24,VN_국채일별!$A$4:$A$1436,1)))))))),"")) -> 0.00667 | R24: =IF(OR(L24="",Q24=""),"",(L24-Q24)*10000) -> 323.3 | S24: =IF(AND(K24="고정",N24="N",J24>=2,J24<=4,I24<>""),1,0) -> 1 | T24: =IF(S24=1,I24*L24,0) -> 83.07 | U24: =IF(AND(S24=1,ISNUMBER(R24)),I24*R24,0) -> 688629 | V24: =IF(AND(F24="Big4(국영)",K24="고정",N24="N",I24<>""),1,0) -> 0 | W24: =IF(V24=1,I24*L24,0) -> 0 | X24: =IF(AND(V24=1,ISNUMBER(R24)),I24*R24,0) -> 0 | Y24: =IF(AND(S24=1,ISNUMBER(R24)),I24,0) -> 2130 | Z24: =IF(AND(V24=1,ISNUMBER(R24)),I24,0) -> 0
A25: 2021-08 | B25: 44439 | C25: =DATE(YEAR(B25),MONTH(B25),1) -> 44409 | D25: =YEAR(B25)&"Q"&ROUNDUP(MONTH(B25)/3,0) -> 2021Q3 | E25: MB | F25: 민간 | G25: NHTMCP QUÂN ĐỘI | H25: MBBL2128003 | I25: 100 | J25: 7 | K25: 변동/혼합 | N25: Y | O25: 7.1%/NĂM: 5 NĂM ĐẦU, TỪ NĂM THỨ 6 (NẾU KHÔNG MUA LẠI) = 7.8%/NĂM | Q25: =IF($J25="","",IFERROR(IF($J25<=1,INDEX(VN_국채일별!$B$4:$B$1436,MATCH($B25,VN_국채일별!$A$4:$A$1436,1)),IF($J25<=2,INDEX(VN_국채일별!$B$4:$B$1436,MATCH($B25,VN_국채일별!$A$4:$A$1436,1))+(INDEX(VN_국채일별!$C$4:$C$1436,MATCH($B25,VN_국채일별!$A$4:$A$1436,1))-INDEX(VN_국채일별!$B$4:$B$1436,MATCH($B25,VN_국채일별!$A$4:$A$1436,1)))*($J25-1),IF($J25<=3,INDEX(VN_국채일별!$C$4:$C$1436,MATCH($B25,VN_국채일별!$A$4:$A$1436,1))+(INDEX(VN_국채일별!$D$4:$D$1436,MATCH($B25,VN_국채일별!$A$4:$A$1436,1))-INDEX(VN_국채일별!$C$4:$C$1436,MATCH($B25,VN_국채일별!$A$4:$A$1436,1)))*($J25-2),IF($J25<=5,INDEX(VN_국채일별!$D$4:$D$1436,MATCH($B25,VN_국채일별!$A$4:$A$1436,1))+(INDEX(VN_국채일별!$E$4:$E$1436,MATCH($B25,VN_국채일별!$A$4:$A$1436,1))-INDEX(VN_국채일별!$D$4:$D$1436,MATCH($B25,VN_국채일별!$A$4:$A$1436,1)))*($J25-3)/2,IF($J25<=7,INDEX(VN_국채일별!$E$4:$E$1436,MATCH($B25,VN_국채일별!$A$4:$A$1436,1))+(INDEX(VN_국채일별!$F$4:$F$1436,MATCH($B25,VN_국채일별!$A$4:$A$1436,1))-INDEX(VN_국채일별!$E$4:$E$1436,MATCH($B25,VN_국채일별!$A$4:$A$1436,1)))*($J25-5)/2,IF($J25<=10,INDEX(VN_국채일별!$F$4:$F$1436,MATCH($B25,VN_국채일별!$A$4:$A$1436,1))+(INDEX(VN_국채일별!$G$4:$G$1436,MATCH($B25,VN_국채일별!$A$4:$A$1436,1))-INDEX(VN_국채일별!$F$4:$F$1436,MATCH($B25,VN_국채일별!$A$4:$A$1436,1)))*($J25-7)/3,INDEX(VN_국채일별!$G$4:$G$1436,MATCH($B25,VN_국채일별!$A$4:$A$1436,1)))))))),"")) -> 0.01186 | R25: =IF(OR(L25="",Q25=""),"",(L25-Q25)*10000) | S25: =IF(AND(K25="고정",N25="N",J25>=2,J25<=4,I25<>""),1,0) -> 0 | T25: =IF(S25=1,I25*L25,0) -> 0 | U25: =IF(AND(S25=1,ISNUMBER(R25)),I25*R25,0) -> 0 | V25: =IF(AND(F25="Big4(국영)",K25="고정",N25="N",I25<>""),1,0) -> 0 | W25: =IF(V25=1,I25*L25,0) -> 0 | X25: =IF(AND(V25=1,ISNUMBER(R25)),I25*R25,0) -> 0 | Y25: =IF(AND(S25=1,ISNUMBER(R25)),I25,0) -> 0 | Z25: =IF(AND(V25=1,ISNUMBER(R25)),I25,0) -> 0
A26: 2021-08 | B26: 44439 | C26: =DATE(YEAR(B26),MONTH(B26),1) -> 44409 | D26: =YEAR(B26)&"Q"&ROUNDUP(MONTH(B26)/3,0) -> 2021Q3 | E26: MB | F26: 민간 | G26: NHTMCP QUÂN ĐỘI | H26: MBBL2128001 | I26: 170 | J26: 7 | K26: 변동/혼합 | M26: 0.07225 | N26: Y | O26: LS THẢ NỔI = TBC LSTK 12T 4 NH (BID, VCB, CTG, AGR) + 1.7%/năm. (LSPH thực tế: 7.225%) | Q26: =IF($J26="","",IFERROR(IF($J26<=1,INDEX(VN_국채일별!$B$4:$B$1436,MATCH($B26,VN_국채일별!$A$4:$A$1436,1)),IF($J26<=2,INDEX(VN_국채일별!$B$4:$B$1436,MATCH($B26,VN_국채일별!$A$4:$A$1436,1))+(INDEX(VN_국채일별!$C$4:$C$1436,MATCH($B26,VN_국채일별!$A$4:$A$1436,1))-INDEX(VN_국채일별!$B$4:$B$1436,MATCH($B26,VN_국채일별!$A$4:$A$1436,1)))*($J26-1),IF($J26<=3,INDEX(VN_국채일별!$C$4:$C$1436,MATCH($B26,VN_국채일별!$A$4:$A$1436,1))+(INDEX(VN_국채일별!$D$4:$D$1436,MATCH($B26,VN_국채일별!$A$4:$A$1436,1))-INDEX(VN_국채일별!$C$4:$C$1436,MATCH($B26,VN_국채일별!$A$4:$A$1436,1)))*($J26-2),IF($J26<=5,INDEX(VN_국채일별!$D$4:$D$1436,MATCH($B26,VN_국채일별!$A$4:$A$1436,1))+(INDEX(VN_국채일별!$E$4:$E$1436,MATCH($B26,VN_국채일별!$A$4:$A$1436,1))-INDEX(VN_국채일별!$D$4:$D$1436,MATCH($B26,VN_국채일별!$A$4:$A$1436,1)))*($J26-3)/2,IF($J26<=7,INDEX(VN_국채일별!$E$4:$E$1436,MATCH($B26,VN_국채일별!$A$4:$A$1436,1))+(INDEX(VN_국채일별!$F$4:$F$1436,MATCH($B26,VN_국채일별!$A$4:$A$1436,1))-INDEX(VN_국채일별!$E$4:$E$1436,MATCH($B26,VN_국채일별!$A$4:$A$1436,1)))*($J26-5)/2,IF($J26<=10,INDEX(VN_국채일별!$F$4:$F$1436,MATCH($B26,VN_국채일별!$A$4:$A$1436,1))+(INDEX(VN_국채일별!$G$4:$G$1436,MATCH($B26,VN_국채일별!$A$4:$A$1436,1))-INDEX(VN_국채일별!$F$4:$F$1436,MATCH($B26,VN_국채일별!$A$4:$A$1436,1)))*($J26-7)/3,INDEX(VN_국채일별!$G$4:$G$1436,MATCH($B26,VN_국채일별!$A$4:$A$1436,1)))))))),"")) -> 0.01186 | R26: =IF(OR(L26="",Q26=""),"",(L26-Q26)*10000) | S26: =IF(AND(K26="고정",N26="N",J26>=2,J26<=4,I26<>""),1,0) -> 0 | T26: =IF(S26=1,I26*L26,0) -> 0 | U26: =IF(AND(S26=1,ISNUMBER(R26)),I26*R26,0) -> 0 | V26: =IF(AND(F26="Big4(국영)",K26="고정",N26="N",I26<>""),1,0) -> 0 | W26: =IF(V26=1,I26*L26,0) -> 0 | X26: =IF(AND(V26=1,ISNUMBER(R26)),I26*R26,0) -> 0 | Y26: =IF(AND(S26=1,ISNUMBER(R26)),I26,0) -> 0 | Z26: =IF(AND(V26=1,ISNUMBER(R26)),I26,0) -> 0
A27: 2021-11 | B27: 44503 | C27: =DATE(YEAR(B27),MONTH(B27),1) -> 44501 | D27: =YEAR(B27)&"Q"&ROUNDUP(MONTH(B27)/3,0) -> 2021Q4 | E27: MB | F27: 민간 | G27: NHTM CP QUÂN ĐỘI | H27: MBBL2128012 | I27: 150 | J27: 7 | K27: 변동/혼합 | N27: Y | O27: 5 NĂM ĐẦU = LSTK VND 12T (VCB, BIDV, VIETIN, AGRI) + 1.5%/NĂM, NĂM THỨ 6,7 = LSTK VND 12T (VCB, BIDV, VIETIN, AGRI) + 2.2%/NĂM | Q27: =IF($J27="","",IFERROR(IF($J27<=1,INDEX(VN_국채일별!$B$4:$B$1436,MATCH($B27,VN_국채일별!$A$4:$A$1436,1)),IF($J27<=2,INDEX(VN_국채일별!$B$4:$B$1436,MATCH($B27,VN_국채일별!$A$4:$A$1436,1))+(INDEX(VN_국채일별!$C$4:$C$1436,MATCH($B27,VN_국채일별!$A$4:$A$1436,1))-INDEX(VN_국채일별!$B$4:$B$1436,MATCH($B27,VN_국채일별!$A$4:$A$1436,1)))*($J27-1),IF($J27<=3,INDEX(VN_국채일별!$C$4:$C$1436,MATCH($B27,VN_국채일별!$A$4:$A$1436,1))+(INDEX(VN_국채일별!$D$4:$D$1436,MATCH($B27,VN_국채일별!$A$4:$A$1436,1))-INDEX(VN_국채일별!$C$4:$C$1436,MATCH($B27,VN_국채일별!$A$4:$A$1436,1)))*($J27-2),IF($J27<=5,INDEX(VN_국채일별!$D$4:$D$1436,MATCH($B27,VN_국채일별!$A$4:$A$1436,1))+(INDEX(VN_국채일별!$E$4:$E$1436,MATCH($B27,VN_국채일별!$A$4:$A$1436,1))-INDEX(VN_국채일별!$D$4:$D$1436,MATCH($B27,VN_국채일별!$A$4:$A$1436,1)))*($J27-3)/2,IF($J27<=7,INDEX(VN_국채일별!$E$4:$E$1436,MATCH($B27,VN_국채일별!$A$4:$A$1436,1))+(INDEX(VN_국채일별!$F$4:$F$1436,MATCH($B27,VN_국채일별!$A$4:$A$1436,1))-INDEX(VN_국채일별!$E$4:$E$1436,MATCH($B27,VN_국채일별!$A$4:$A$1436,1)))*($J27-5)/2,IF($J27<=10,INDEX(VN_국채일별!$F$4:$F$1436,MATCH($B27,VN_국채일별!$A$4:$A$1436,1))+(INDEX(VN_국채일별!$G$4:$G$1436,MATCH($B27,VN_국채일별!$A$4:$A$1436,1))-INDEX(VN_국채일별!$F$4:$F$1436,MATCH($B27,VN_국채일별!$A$4:$A$1436,1)))*($J27-7)/3,INDEX(VN_국채일별!$G$4:$G$1436,MATCH($B27,VN_국채일별!$A$4:$A$1436,1)))))))),"")) -> 0.0125 | R27: =IF(OR(L27="",Q27=""),"",(L27-Q27)*10000) | S27: =IF(AND(K27="고정",N27="N",J27>=2,J27<=4,I27<>""),1,0) -> 0 | T27: =IF(S27=1,I27*L27,0) -> 0 | U27: =IF(AND(S27=1,ISNUMBER(R27)),I27*R27,0) -> 0 | V27: =IF(AND(F27="Big4(국영)",K27="고정",N27="N",I27<>""),1,0) -> 0 | W27: =IF(V27=1,I27*L27,0) -> 0 | X27: =IF(AND(V27=1,ISNUMBER(R27)),I27*R27,0) -> 0 | Y27: =IF(AND(S27=1,ISNUMBER(R27)),I27,0) -> 0 | Z27: =IF(AND(V27=1,ISNUMBER(R27)),I27,0) -> 0
A28: 2021-11 | B28: 44504 | C28: =DATE(YEAR(B28),MONTH(B28),1) -> 44501 | D28: =YEAR(B28)&"Q"&ROUNDUP(MONTH(B28)/3,0) -> 2021Q4 | E28: VIB | F28: 민간 | G28: NH TMCP QUỐC TẾ VIỆT NAM | H28: VIBL2125018 | I28: 500 | J28: 4 | K28: 고정 | L28: 0.038 | N28: N | O28: 3.8%/NĂM | Q28: =IF($J28="","",IFERROR(IF($J28<=1,INDEX(VN_국채일별!$B$4:$B$1436,MATCH($B28,VN_국채일별!$A$4:$A$1436,1)),IF($J28<=2,INDEX(VN_국채일별!$B$4:$B$1436,MATCH($B28,VN_국채일별!$A$4:$A$1436,1))+(INDEX(VN_국채일별!$C$4:$C$1436,MATCH($B28,VN_국채일별!$A$4:$A$1436,1))-INDEX(VN_국채일별!$B$4:$B$1436,MATCH($B28,VN_국채일별!$A$4:$A$1436,1)))*($J28-1),IF($J28<=3,INDEX(VN_국채일별!$C$4:$C$1436,MATCH($B28,VN_국채일별!$A$4:$A$1436,1))+(INDEX(VN_국채일별!$D$4:$D$1436,MATCH($B28,VN_국채일별!$A$4:$A$1436,1))-INDEX(VN_국채일별!$C$4:$C$1436,MATCH($B28,VN_국채일별!$A$4:$A$1436,1)))*($J28-2),IF($J28<=5,INDEX(VN_국채일별!$D$4:$D$1436,MATCH($B28,VN_국채일별!$A$4:$A$1436,1))+(INDEX(VN_국채일별!$E$4:$E$1436,MATCH($B28,VN_국채일별!$A$4:$A$1436,1))-INDEX(VN_국채일별!$D$4:$D$1436,MATCH($B28,VN_국채일별!$A$4:$A$1436,1)))*($J28-3)/2,IF($J28<=7,INDEX(VN_국채일별!$E$4:$E$1436,MATCH($B28,VN_국채일별!$A$4:$A$1436,1))+(INDEX(VN_국채일별!$F$4:$F$1436,MATCH($B28,VN_국채일별!$A$4:$A$1436,1))-INDEX(VN_국채일별!$E$4:$E$1436,MATCH($B28,VN_국채일별!$A$4:$A$1436,1)))*($J28-5)/2,IF($J28<=10,INDEX(VN_국채일별!$F$4:$F$1436,MATCH($B28,VN_국채일별!$A$4:$A$1436,1))+(INDEX(VN_국채일별!$G$4:$G$1436,MATCH($B28,VN_국채일별!$A$4:$A$1436,1))-INDEX(VN_국채일별!$F$4:$F$1436,MATCH($B28,VN_국채일별!$A$4:$A$1436,1)))*($J28-7)/3,INDEX(VN_국채일별!$G$4:$G$1436,MATCH($B28,VN_국채일별!$A$4:$A$1436,1)))))))),"")) -> 0.007265 | R28: =IF(OR(L28="",Q28=""),"",(L28-Q28)*10000) -> 307.35 | S28: =IF(AND(K28="고정",N28="N",J28>=2,J28<=4,I28<>""),1,0) -> 1 | T28: =IF(S28=1,I28*L28,0) -> 19 | U28: =IF(AND(S28=1,ISNUMBER(R28)),I28*R28,0) -> 153675 | V28: =IF(AND(F28="Big4(국영)",K28="고정",N28="N",I28<>""),1,0) -> 0 | W28: =IF(V28=1,I28*L28,0) -> 0 | X28: =IF(AND(V28=1,ISNUMBER(R28)),I28*R28,0) -> 0 | Y28: =IF(AND(S28=1,ISNUMBER(R28)),I28,0) -> 500 | Z28: =IF(AND(V28=1,ISNUMBER(R28)),I28,0) -> 0
A29: 2021-11 | B29: 44508 | C29: =DATE(YEAR(B29),MONTH(B29),1) -> 44501 | D29: =YEAR(B29)&"Q"&ROUNDUP(MONTH(B29)/3,0) -> 2021Q4 | E29: VIB | F29: 민간 | G29: NH TMCP QUỐC TẾ VIỆT NAM | H29: VIBL2125019 | I29: 650 | J29: 4 | K29: 고정 | L29: 0.038 | N29: N | O29: 3.8%/NĂM | Q29: =IF($J29="","",IFERROR(IF($J29<=1,INDEX(VN_국채일별!$B$4:$B$1436,MATCH($B29,VN_국채일별!$A$4:$A$1436,1)),IF($J29<=2,INDEX(VN_국채일별!$B$4:$B$1436,MATCH($B29,VN_국채일별!$A$4:$A$1436,1))+(INDEX(VN_국채일별!$C$4:$C$1436,MATCH($B29,VN_국채일별!$A$4:$A$1436,1))-INDEX(VN_국채일별!$B$4:$B$1436,MATCH($B29,VN_국채일별!$A$4:$A$1436,1)))*($J29-1),IF($J29<=3,INDEX(VN_국채일별!$C$4:$C$1436,MATCH($B29,VN_국채일별!$A$4:$A$1436,1))+(INDEX(VN_국채일별!$D$4:$D$1436,MATCH($B29,VN_국채일별!$A$4:$A$1436,1))-INDEX(VN_국채일별!$C$4:$C$1436,MATCH($B29,VN_국채일별!$A$4:$A$1436,1)))*($J29-2),IF($J29<=5,INDEX(VN_국채일별!$D$4:$D$1436,MATCH($B29,VN_국채일별!$A$4:$A$1436,1))+(INDEX(VN_국채일별!$E$4:$E$1436,MATCH($B29,VN_국채일별!$A$4:$A$1436,1))-INDEX(VN_국채일별!$D$4:$D$1436,MATCH($B29,VN_국채일별!$A$4:$A$1436,1)))*($J29-3)/2,IF($J29<=7,INDEX(VN_국채일별!$E$4:$E$1436,MATCH($B29,VN_국채일별!$A$4:$A$1436,1))+(INDEX(VN_국채일별!$F$4:$F$1436,MATCH($B29,VN_국채일별!$A$4:$A$1436,1))-INDEX(VN_국채일별!$E$4:$E$1436,MATCH($B29,VN_국채일별!$A$4:$A$1436,1)))*($J29-5)/2,IF($J29<=10,INDEX(VN_국채일별!$F$4:$F$1436,MATCH($B29,VN_국채일별!$A$4:$A$1436,1))+(INDEX(VN_국채일별!$G$4:$G$1436,MATCH($B29,VN_국채일별!$A$4:$A$1436,1))-INDEX(VN_국채일별!$F$4:$F$1436,MATCH($B29,VN_국채일별!$A$4:$A$1436,1)))*($J29-7)/3,INDEX(VN_국채일별!$G$4:$G$1436,MATCH($B29,VN_국채일별!$A$4:$A$1436,1)))))))),"")) -> 0.00709 | R29: =IF(OR(L29="",Q29=""),"",(L29-Q29)*10000) -> 309.1 | S29: =IF(AND(K29="고정",N29="N",J29>=2,J29<=4,I29<>""),1,0) -> 1 | T29: =IF(S29=1,I29*L29,0) -> 24.7 | U29: =IF(AND(S29=1,ISNUMBER(R29)),I29*R29,0) -> 200915 | V29: =IF(AND(F29="Big4(국영)",K29="고정",N29="N",I29<>""),1,0) -> 0 | W29: =IF(V29=1,I29*L29,0) -> 0 | X29: =IF(AND(V29=1,ISNUMBER(R29)),I29*R29,0) -> 0 | Y29: =IF(AND(S29=1,ISNUMBER(R29)),I29,0) -> 650 | Z29: =IF(AND(V29=1,ISNUMBER(R29)),I29,0) -> 0
A30: 2021-11 | B30: 44508 | C30: =DATE(YEAR(B30),MONTH(B30),1) -> 44501 | D30: =YEAR(B30)&"Q"&ROUNDUP(MONTH(B30)/3,0) -> 2021Q4 | E30: Nam A Bank | F30: 민간 | G30: NH TMCP ĐÔNG NAM Á | H30: SSBH2124008 | I30: 500 | J30: 3 | K30: 고정 | L30: 0.037 | N30: N | O30: 3.7%/NĂM | Q30: =IF($J30="","",IFERROR(IF($J30<=1,INDEX(VN_국채일별!$B$4:$B$1436,MATCH($B30,VN_국채일별!$A$4:$A$1436,1)),IF($J30<=2,INDEX(VN_국채일별!$B$4:$B$1436,MATCH($B30,VN_국채일별!$A$4:$A$1436,1))+(INDEX(VN_국채일별!$C$4:$C$1436,MATCH($B30,VN_국채일별!$A$4:$A$1436,1))-INDEX(VN_국채일별!$B$4:$B$1436,MATCH($B30,VN_국채일별!$A$4:$A$1436,1)))*($J30-1),IF($J30<=3,INDEX(VN_국채일별!$C$4:$C$1436,MATCH($B30,VN_국채일별!$A$4:$A$1436,1))+(INDEX(VN_국채일별!$D$4:$D$1436,MATCH($B30,VN_국채일별!$A$4:$A$1436,1))-INDEX(VN_국채일별!$C$4:$C$1436,MATCH($B30,VN_국채일별!$A$4:$A$1436,1)))*($J30-2),IF($J30<=5,INDEX(VN_국채일별!$D$4:$D$1436,MATCH($B30,VN_국채일별!$A$4:$A$1436,1))+(INDEX(VN_국채일별!$E$4:$E$1436,MATCH($B30,VN_국채일별!$A$4:$A$1436,1))-INDEX(VN_국채일별!$D$4:$D$1436,MATCH($B30,VN_국채일별!$A$4:$A$1436,1)))*($J30-3)/2,IF($J30<=7,INDEX(VN_국채일별!$E$4:$E$1436,MATCH($B30,VN_국채일별!$A$4:$A$1436,1))+(INDEX(VN_국채일별!$F$4:$F$1436,MATCH($B30,VN_국채일별!$A$4:$A$1436,1))-INDEX(VN_국채일별!$E$4:$E$1436,MATCH($B30,VN_국채일별!$A$4:$A$1436,1)))*($J30-5)/2,IF($J30<=10,INDEX(VN_국채일별!$F$4:$F$1436,MATCH($B30,VN_국채일별!$A$4:$A$1436,1))+(INDEX(VN_국채일별!$G$4:$G$1436,MATCH($B30,VN_국채일별!$A$4:$A$1436,1))-INDEX(VN_국채일별!$F$4:$F$1436,MATCH($B30,VN_국채일별!$A$4:$A$1436,1)))*($J30-7)/3,INDEX(VN_국채일별!$G$4:$G$1436,MATCH($B30,VN_국채일별!$A$4:$A$1436,1)))))))),"")) -> 0.00668 | R30: =IF(OR(L30="",Q30=""),"",(L30-Q30)*10000) -> 303.2 | S30: =IF(AND(K30="고정",N30="N",J30>=2,J30<=4,I30<>""),1,0) -> 1 | T30: =IF(S30=1,I30*L30,0) -> 18.5 | U30: =IF(AND(S30=1,ISNUMBER(R30)),I30*R30,0) -> 151600 | V30: =IF(AND(F30="Big4(국영)",K30="고정",N30="N",I30<>""),1,0) -> 0 | W30: =IF(V30=1,I30*L30,0) -> 0 | X30: =IF(AND(V30=1,ISNUMBER(R30)),I30*R30,0) -> 0 | Y30: =IF(AND(S30=1,ISNUMBER(R30)),I30,0) -> 500 | Z30: =IF(AND(V30=1,ISNUMBER(R30)),I30,0) -> 0
A31: 2021-11 | B31: 44509 | C31: =DATE(YEAR(B31),MONTH(B31),1) -> 44501 | D31: =YEAR(B31)&"Q"&ROUNDUP(MONTH(B31)/3,0) -> 2021Q4 | E31: Nam A Bank | F31: 민간 | G31: NH TMCP ĐÔNG NAM Á | H31: SSBH2124009 | I31: 1000 | J31: 3 | K31: 고정 | L31: 0.037 | N31: N | O31: 3.7%/NĂM | Q31: =IF($J31="","",IFERROR(IF($J31<=1,INDEX(VN_국채일별!$B$4:$B$1436,MATCH($B31,VN_국채일별!$A$4:$A$1436,1)),IF($J31<=2,INDEX(VN_국채일별!$B$4:$B$1436,MATCH($B31,VN_국채일별!$A$4:$A$1436,1))+(INDEX(VN_국채일별!$C$4:$C$1436,MATCH($B31,VN_국채일별!$A$4:$A$1436,1))-INDEX(VN_국채일별!$B$4:$B$1436,MATCH($B31,VN_국채일별!$A$4:$A$1436,1)))*($J31-1),IF($J31<=3,INDEX(VN_국채일별!$C$4:$C$1436,MATCH($B31,VN_국채일별!$A$4:$A$1436,1))+(INDEX(VN_국채일별!$D$4:$D$1436,MATCH($B31,VN_국채일별!$A$4:$A$1436,1))-INDEX(VN_국채일별!$C$4:$C$1436,MATCH($B31,VN_국채일별!$A$4:$A$1436,1)))*($J31-2),IF($J31<=5,INDEX(VN_국채일별!$D$4:$D$1436,MATCH($B31,VN_국채일별!$A$4:$A$1436,1))+(INDEX(VN_국채일별!$E$4:$E$1436,MATCH($B31,VN_국채일별!$A$4:$A$1436,1))-INDEX(VN_국채일별!$D$4:$D$1436,MATCH($B31,VN_국채일별!$A$4:$A$1436,1)))*($J31-3)/2,IF($J31<=7,INDEX(VN_국채일별!$E$4:$E$1436,MATCH($B31,VN_국채일별!$A$4:$A$1436,1))+(INDEX(VN_국채일별!$F$4:$F$1436,MATCH($B31,VN_국채일별!$A$4:$A$1436,1))-INDEX(VN_국채일별!$E$4:$E$1436,MATCH($B31,VN_국채일별!$A$4:$A$1436,1)))*($J31-5)/2,IF($J31<=10,INDEX(VN_국채일별!$F$4:$F$1436,MATCH($B31,VN_국채일별!$A$4:$A$1436,1))+(INDEX(VN_국채일별!$G$4:$G$1436,MATCH($B31,VN_국채일별!$A$4:$A$1436,1))-INDEX(VN_국채일별!$F$4:$F$1436,MATCH($B31,VN_국채일별!$A$4:$A$1436,1)))*($J31-7)/3,INDEX(VN_국채일별!$G$4:$G$1436,MATCH($B31,VN_국채일별!$A$4:$A$1436,1)))))))),"")) -> 0.00667 | R31: =IF(OR(L31="",Q31=""),"",(L31-Q31)*10000) -> 303.3 | S31: =IF(AND(K31="고정",N31="N",J31>=2,J31<=4,I31<>""),1,0) -> 1 | T31: =IF(S31=1,I31*L31,0) -> 37 | U31: =IF(AND(S31=1,ISNUMBER(R31)),I31*R31,0) -> 303300 | V31: =IF(AND(F31="Big4(국영)",K31="고정",N31="N",I31<>""),1,0) -> 0 | W31: =IF(V31=1,I31*L31,0) -> 0 | X31: =IF(AND(V31=1,ISNUMBER(R31)),I31*R31,0) -> 0 | Y31: =IF(AND(S31=1,ISNUMBER(R31)),I31,0) -> 1000 | Z31: =IF(AND(V31=1,ISNUMBER(R31)),I31,0) -> 0
A32: 2021-11 | B32: 44511 | C32: =DATE(YEAR(B32),MONTH(B32),1) -> 44501 | D32: =YEAR(B32)&"Q"&ROUNDUP(MONTH(B32)/3,0) -> 2021Q4 | E32: MB | F32: 민간 | G32: NH TMCP QUÂN ĐỘI | H32: MBBL2128013 | I32: 200 | J32: 7 | K32: 변동/혼합 | N32: Y | O32: LSTK VND 12T (VCB, BIDV, AGRI, VIETIN) + 1.5%/NĂM, NẾU MUA LẠI TRƯỚC HẠN: LS CHO NĂM THỨ 6 VÀ THỨ 7 = LSTK VND 12T (VCB, BIDV, AGRI, VIETIN) + 2.2%/NĂM | Q32: =IF($J32="","",IFERROR(IF($J32<=1,INDEX(VN_국채일별!$B$4:$B$1436,MATCH($B32,VN_국채일별!$A$4:$A$1436,1)),IF($J32<=2,INDEX(VN_국채일별!$B$4:$B$1436,MATCH($B32,VN_국채일별!$A$4:$A$1436,1))+(INDEX(VN_국채일별!$C$4:$C$1436,MATCH($B32,VN_국채일별!$A$4:$A$1436,1))-INDEX(VN_국채일별!$B$4:$B$1436,MATCH($B32,VN_국채일별!$A$4:$A$1436,1)))*($J32-1),IF($J32<=3,INDEX(VN_국채일별!$C$4:$C$1436,MATCH($B32,VN_국채일별!$A$4:$A$1436,1))+(INDEX(VN_국채일별!$D$4:$D$1436,MATCH($B32,VN_국채일별!$A$4:$A$1436,1))-INDEX(VN_국채일별!$C$4:$C$1436,MATCH($B32,VN_국채일별!$A$4:$A$1436,1)))*($J32-2),IF($J32<=5,INDEX(VN_국채일별!$D$4:$D$1436,MATCH($B32,VN_국채일별!$A$4:$A$1436,1))+(INDEX(VN_국채일별!$E$4:$E$1436,MATCH($B32,VN_국채일별!$A$4:$A$1436,1))-INDEX(VN_국채일별!$D$4:$D$1436,MATCH($B32,VN_국채일별!$A$4:$A$1436,1)))*($J32-3)/2,IF($J32<=7,INDEX(VN_국채일별!$E$4:$E$1436,MATCH($B32,VN_국채일별!$A$4:$A$1436,1))+(INDEX(VN_국채일별!$F$4:$F$1436,MATCH($B32,VN_국채일별!$A$4:$A$1436,1))-INDEX(VN_국채일별!$E$4:$E$1436,MATCH($B32,VN_국채일별!$A$4:$A$1436,1)))*($J32-5)/2,IF($J32<=10,INDEX(VN_국채일별!$F$4:$F$1436,MATCH($B32,VN_국채일별!$A$4:$A$1436,1))+(INDEX(VN_국채일별!$G$4:$G$1436,MATCH($B32,VN_국채일별!$A$4:$A$1436,1))-INDEX(VN_국채일별!$F$4:$F$1436,MATCH($B32,VN_국채일별!$A$4:$A$1436,1)))*($J32-7)/3,INDEX(VN_국채일별!$G$4:$G$1436,MATCH($B32,VN_국채일별!$A$4:$A$1436,1)))))))),"")) -> 0.01148 | R32: =IF(OR(L32="",Q32=""),"",(L32-Q32)*10000) | S32: =IF(AND(K32="고정",N32="N",J32>=2,J32<=4,I32<>""),1,0) -> 0 | T32: =IF(S32=1,I32*L32,0) -> 0 | U32: =IF(AND(S32=1,ISNUMBER(R32)),I32*R32,0) -> 0 | V32: =IF(AND(F32="Big4(국영)",K32="고정",N32="N",I32<>""),1,0) -> 0 | W32: =IF(V32=1,I32*L32,0) -> 0 | X32: =IF(AND(V32=1,ISNUMBER(R32)),I32*R32,0) -> 0 | Y32: =IF(AND(S32=1,ISNUMBER(R32)),I32,0) -> 0 | Z32: =IF(AND(V32=1,ISNUMBER(R32)),I32,0) -> 0
A33: 2021-11 | B33: 44511 | C33: =DATE(YEAR(B33),MONTH(B33),1) -> 44501 | D33: =YEAR(B33)&"Q"&ROUNDUP(MONTH(B33)/3,0) -> 2021Q4 | E33: VietBank | F33: 민간 | G33: NH TMCP VIỆT NAM THƯƠNG TÍN | H33: VBBL2128004 | I33: 100 | J33: 7 | K33: 변동/혼합 | N33: Y | O33: 5 NĂM ĐẦU = LSTK VND 12T (VCB, BIDV, AGRI, VIETIN) + 2.5%/NĂM, 2 NĂM CUỐI = LSTK VND 12T (VCB, BIDV, AGRI, VIETIN) + 3.5%/NĂM | Q33: =IF($J33="","",IFERROR(IF($J33<=1,INDEX(VN_국채일별!$B$4:$B$1436,MATCH($B33,VN_국채일별!$A$4:$A$1436,1)),IF($J33<=2,INDEX(VN_국채일별!$B$4:$B$1436,MATCH($B33,VN_국채일별!$A$4:$A$1436,1))+(INDEX(VN_국채일별!$C$4:$C$1436,MATCH($B33,VN_국채일별!$A$4:$A$1436,1))-INDEX(VN_국채일별!$B$4:$B$1436,MATCH($B33,VN_국채일별!$A$4:$A$1436,1)))*($J33-1),IF($J33<=3,INDEX(VN_국채일별!$C$4:$C$1436,MATCH($B33,VN_국채일별!$A$4:$A$1436,1))+(INDEX(VN_국채일별!$D$4:$D$1436,MATCH($B33,VN_국채일별!$A$4:$A$1436,1))-INDEX(VN_국채일별!$C$4:$C$1436,MATCH($B33,VN_국채일별!$A$4:$A$1436,1)))*($J33-2),IF($J33<=5,INDEX(VN_국채일별!$D$4:$D$1436,MATCH($B33,VN_국채일별!$A$4:$A$1436,1))+(INDEX(VN_국채일별!$E$4:$E$1436,MATCH($B33,VN_국채일별!$A$4:$A$1436,1))-INDEX(VN_국채일별!$D$4:$D$1436,MATCH($B33,VN_국채일별!$A$4:$A$1436,1)))*($J33-3)/2,IF($J33<=7,INDEX(VN_국채일별!$E$4:$E$1436,MATCH($B33,VN_국채일별!$A$4:$A$1436,1))+(INDEX(VN_국채일별!$F$4:$F$1436,MATCH($B33,VN_국채일별!$A$4:$A$1436,1))-INDEX(VN_국채일별!$E$4:$E$1436,MATCH($B33,VN_국채일별!$A$4:$A$1436,1)))*($J33-5)/2,IF($J33<=10,INDEX(VN_국채일별!$F$4:$F$1436,MATCH($B33,VN_국채일별!$A$4:$A$1436,1))+(INDEX(VN_국채일별!$G$4:$G$1436,MATCH($B33,VN_국채일별!$A$4:$A$1436,1))-INDEX(VN_국채일별!$F$4:$F$1436,MATCH($B33,VN_국채일별!$A$4:$A$1436,1)))*($J33-7)/3,INDEX(VN_국채일별!$G$4:$G$1436,MATCH($B33,VN_국채일별!$A$4:$A$1436,1)))))))),"")) -> 0.01148 | R33: =IF(OR(L33="",Q33=""),"",(L33-Q33)*10000) | S33: =IF(AND(K33="고정",N33="N",J33>=2,J33<=4,I33<>""),1,0) -> 0 | T33: =IF(S33=1,I33*L33,0) -> 0 | U33: =IF(AND(S33=1,ISNUMBER(R33)),I33*R33,0) -> 0 | V33: =IF(AND(F33="Big4(국영)",K33="고정",N33="N",I33<>""),1,0) -> 0 | W33: =IF(V33=1,I33*L33,0) -> 0 | X33: =IF(AND(V33=1,ISNUMBER(R33)),I33*R33,0) -> 0 | Y33: =IF(AND(S33=1,ISNUMBER(R33)),I33,0) -> 0 | Z33: =IF(AND(V33=1,ISNUMBER(R33)),I33,0) -> 0
A34: 2021-11 | B34: 44515 | C34: =DATE(YEAR(B34),MONTH(B34),1) -> 44501 | D34: =YEAR(B34)&"Q"&ROUNDUP(MONTH(B34)/3,0) -> 2021Q4 | E34: ABBank | F34: 민간 | G34: NH TMCP AN BÌNH | H34: ABBL2124014 | I34: 500 | J34: 3 | K34: 고정 | L34: 0.03 | N34: N | O34: 3%/NĂM | Q34: =IF($J34="","",IFERROR(IF($J34<=1,INDEX(VN_국채일별!$B$4:$B$1436,MATCH($B34,VN_국채일별!$A$4:$A$1436,1)),IF($J34<=2,INDEX(VN_국채일별!$B$4:$B$1436,MATCH($B34,VN_국채일별!$A$4:$A$1436,1))+(INDEX(VN_국채일별!$C$4:$C$1436,MATCH($B34,VN_국채일별!$A$4:$A$1436,1))-INDEX(VN_국채일별!$B$4:$B$1436,MATCH($B34,VN_국채일별!$A$4:$A$1436,1)))*($J34-1),IF($J34<=3,INDEX(VN_국채일별!$C$4:$C$1436,MATCH($B34,VN_국채일별!$A$4:$A$1436,1))+(INDEX(VN_국채일별!$D$4:$D$1436,MATCH($B34,VN_국채일별!$A$4:$A$1436,1))-INDEX(VN_국채일별!$C$4:$C$1436,MATCH($B34,VN_국채일별!$A$4:$A$1436,1)))*($J34-2),IF($J34<=5,INDEX(VN_국채일별!$D$4:$D$1436,MATCH($B34,VN_국채일별!$A$4:$A$1436,1))+(INDEX(VN_국채일별!$E$4:$E$1436,MATCH($B34,VN_국채일별!$A$4:$A$1436,1))-INDEX(VN_국채일별!$D$4:$D$1436,MATCH($B34,VN_국채일별!$A$4:$A$1436,1)))*($J34-3)/2,IF($J34<=7,INDEX(VN_국채일별!$E$4:$E$1436,MATCH($B34,VN_국채일별!$A$4:$A$1436,1))+(INDEX(VN_국채일별!$F$4:$F$1436,MATCH($B34,VN_국채일별!$A$4:$A$1436,1))-INDEX(VN_국채일별!$E$4:$E$1436,MATCH($B34,VN_국채일별!$A$4:$A$1436,1)))*($J34-5)/2,IF($J34<=10,INDEX(VN_국채일별!$F$4:$F$1436,MATCH($B34,VN_국채일별!$A$4:$A$1436,1))+(INDEX(VN_국채일별!$G$4:$G$1436,MATCH($B34,VN_국채일별!$A$4:$A$1436,1))-INDEX(VN_국채일별!$F$4:$F$1436,MATCH($B34,VN_국채일별!$A$4:$A$1436,1)))*($J34-7)/3,INDEX(VN_국채일별!$G$4:$G$1436,MATCH($B34,VN_국채일별!$A$4:$A$1436,1)))))))),"")) -> 0.00663 | R34: =IF(OR(L34="",Q34=""),"",(L34-Q34)*10000) -> 233.7 | S34: =IF(AND(K34="고정",N34="N",J34>=2,J34<=4,I34<>""),1,0) -> 1 | T34: =IF(S34=1,I34*L34,0) -> 15 | U34: =IF(AND(S34=1,ISNUMBER(R34)),I34*R34,0) -> 116850 | V34: =IF(AND(F34="Big4(국영)",K34="고정",N34="N",I34<>""),1,0) -> 0 | W34: =IF(V34=1,I34*L34,0) -> 0 | X34: =IF(AND(V34=1,ISNUMBER(R34)),I34*R34,0) -> 0 | Y34: =IF(AND(S34=1,ISNUMBER(R34)),I34,0) -> 500 | Z34: =IF(AND(V34=1,ISNUMBER(R34)),I34,0) -> 0
A35: 2021-11 | B35: 44515 | C35: =DATE(YEAR(B35),MONTH(B35),1) -> 44501 | D35: =YEAR(B35)&"Q"&ROUNDUP(MONTH(B35)/3,0) -> 2021Q4 | E35: Vietcombank | F35: Big4(국영) | G35: NH TMCP NGOẠI THƯƠNG VIỆT NAM | H35: VCBH2131001 | I35: 950 | J35: 10 | K35: 변동/혼합 | M35: 0.067 | N35: Y | O35: 5 NĂM ĐẦU = 6.7%/NĂM, 5 NĂM SAU = 6.9%/NĂM | Q35: =IF($J35="","",IFERROR(IF($J35<=1,INDEX(VN_국채일별!$B$4:$B$1436,MATCH($B35,VN_국채일별!$A$4:$A$1436,1)),IF($J35<=2,INDEX(VN_국채일별!$B$4:$B$1436,MATCH($B35,VN_국채일별!$A$4:$A$1436,1))+(INDEX(VN_국채일별!$C$4:$C$1436,MATCH($B35,VN_국채일별!$A$4:$A$1436,1))-INDEX(VN_국채일별!$B$4:$B$1436,MATCH($B35,VN_국채일별!$A$4:$A$1436,1)))*($J35-1),IF($J35<=3,INDEX(VN_국채일별!$C$4:$C$1436,MATCH($B35,VN_국채일별!$A$4:$A$1436,1))+(INDEX(VN_국채일별!$D$4:$D$1436,MATCH($B35,VN_국채일별!$A$4:$A$1436,1))-INDEX(VN_국채일별!$C$4:$C$1436,MATCH($B35,VN_국채일별!$A$4:$A$1436,1)))*($J35-2),IF($J35<=5,INDEX(VN_국채일별!$D$4:$D$1436,MATCH($B35,VN_국채일별!$A$4:$A$1436,1))+(INDEX(VN_국채일별!$E$4:$E$1436,MATCH($B35,VN_국채일별!$A$4:$A$1436,1))-INDEX(VN_국채일별!$D$4:$D$1436,MATCH($B35,VN_국채일별!$A$4:$A$1436,1)))*($J35-3)/2,IF($J35<=7,INDEX(VN_국채일별!$E$4:$E$1436,MATCH($B35,VN_국채일별!$A$4:$A$1436,1))+(INDEX(VN_국채일별!$F$4:$F$1436,MATCH($B35,VN_국채일별!$A$4:$A$1436,1))-INDEX(VN_국채일별!$E$4:$E$1436,MATCH($B35,VN_국채일별!$A$4:$A$1436,1)))*($J35-5)/2,IF($J35<=10,INDEX(VN_국채일별!$F$4:$F$1436,MATCH($B35,VN_국채일별!$A$4:$A$1436,1))+(INDEX(VN_국채일별!$G$4:$G$1436,MATCH($B35,VN_국채일별!$A$4:$A$1436,1))-INDEX(VN_국채일별!$F$4:$F$1436,MATCH($B35,VN_국채일별!$A$4:$A$1436,1)))*($J35-7)/3,INDEX(VN_국채일별!$G$4:$G$1436,MATCH($B35,VN_국채일별!$A$4:$A$1436,1)))))))),"")) -> 0.01964 | R35: =IF(OR(L35="",Q35=""),"",(L35-Q35)*10000) | S35: =IF(AND(K35="고정",N35="N",J35>=2,J35<=4,I35<>""),1,0) -> 0 | T35: =IF(S35=1,I35*L35,0) -> 0 | U35: =IF(AND(S35=1,ISNUMBER(R35)),I35*R35,0) -> 0 | V35: =IF(AND(F35="Big4(국영)",K35="고정",N35="N",I35<>""),1,0) -> 0 | W35: =IF(V35=1,I35*L35,0) -> 0 | X35: =IF(AND(V35=1,ISNUMBER(R35)),I35*R35,0) -> 0 | Y35: =IF(AND(S35=1,ISNUMBER(R35)),I35,0) -> 0 | Z35: =IF(AND(V35=1,ISNUMBER(R35)),I35,0) -> 0
A36: 2021-12 | B36: 44531 | C36: =DATE(YEAR(B36),MONTH(B36),1) -> 44531 | D36: =YEAR(B36)&"Q"&ROUNDUP(MONTH(B36)/3,0) -> 2021Q4 | E36: OCB | F36: 민간 | G36: NH TMCP PHƯƠNG ĐÔNG | H36: OCBL2124009 | I36: 1000 | J36: 3 | K36: 고정 | L36: 0.032 | N36: N | O36: 3.2%/NĂM | Q36: =IF($J36="","",IFERROR(IF($J36<=1,INDEX(VN_국채일별!$B$4:$B$1436,MATCH($B36,VN_국채일별!$A$4:$A$1436,1)),IF($J36<=2,INDEX(VN_국채일별!$B$4:$B$1436,MATCH($B36,VN_국채일별!$A$4:$A$1436,1))+(INDEX(VN_국채일별!$C$4:$C$1436,MATCH($B36,VN_국채일별!$A$4:$A$1436,1))-INDEX(VN_국채일별!$B$4:$B$1436,MATCH($B36,VN_국채일별!$A$4:$A$1436,1)))*($J36-1),IF($J36<=3,INDEX(VN_국채일별!$C$4:$C$1436,MATCH($B36,VN_국채일별!$A$4:$A$1436,1))+(INDEX(VN_국채일별!$D$4:$D$1436,MATCH($B36,VN_국채일별!$A$4:$A$1436,1))-INDEX(VN_국채일별!$C$4:$C$1436,MATCH($B36,VN_국채일별!$A$4:$A$1436,1)))*($J36-2),IF($J36<=5,INDEX(VN_국채일별!$D$4:$D$1436,MATCH($B36,VN_국채일별!$A$4:$A$1436,1))+(INDEX(VN_국채일별!$E$4:$E$1436,MATCH($B36,VN_국채일별!$A$4:$A$1436,1))-INDEX(VN_국채일별!$D$4:$D$1436,MATCH($B36,VN_국채일별!$A$4:$A$1436,1)))*($J36-3)/2,IF($J36<=7,INDEX(VN_국채일별!$E$4:$E$1436,MATCH($B36,VN_국채일별!$A$4:$A$1436,1))+(INDEX(VN_국채일별!$F$4:$F$1436,MATCH($B36,VN_국채일별!$A$4:$A$1436,1))-INDEX(VN_국채일별!$E$4:$E$1436,MATCH($B36,VN_국채일별!$A$4:$A$1436,1)))*($J36-5)/2,IF($J36<=10,INDEX(VN_국채일별!$F$4:$F$1436,MATCH($B36,VN_국채일별!$A$4:$A$1436,1))+(INDEX(VN_국채일별!$G$4:$G$1436,MATCH($B36,VN_국채일별!$A$4:$A$1436,1))-INDEX(VN_국채일별!$F$4:$F$1436,MATCH($B36,VN_국채일별!$A$4:$A$1436,1)))*($J36-7)/3,INDEX(VN_국채일별!$G$4:$G$1436,MATCH($B36,VN_국채일별!$A$4:$A$1436,1)))))))),"")) -> 0.00697 | R36: =IF(OR(L36="",Q36=""),"",(L36-Q36)*10000) -> 250.3 | S36: =IF(AND(K36="고정",N36="N",J36>=2,J36<=4,I36<>""),1,0) -> 1 | T36: =IF(S36=1,I36*L36,0) -> 32 | U36: =IF(AND(S36=1,ISNUMBER(R36)),I36*R36,0) -> 250300 | V36: =IF(AND(F36="Big4(국영)",K36="고정",N36="N",I36<>""),1,0) -> 0 | W36: =IF(V36=1,I36*L36,0) -> 0 | X36: =IF(AND(V36=1,ISNUMBER(R36)),I36*R36,0) -> 0 | Y36: =IF(AND(S36=1,ISNUMBER(R36)),I36,0) -> 1000 | Z36: =IF(AND(V36=1,ISNUMBER(R36)),I36,0) -> 0
A37: 2021-12 | B37: 44533 | C37: =DATE(YEAR(B37),MONTH(B37),1) -> 44531 | D37: =YEAR(B37)&"Q"&ROUNDUP(MONTH(B37)/3,0) -> 2021Q4 | E37: Vietcombank | F37: Big4(국영) | G37: NH TMCP NGOẠI THƯƠNG VIỆT NAM | H37: VCBH2128006 | I37: 600 | J37: 7 | K37: 변동/혼합 | N37: Y | O37: 0.6% + LSTC | Q37: =IF($J37="","",IFERROR(IF($J37<=1,INDEX(VN_국채일별!$B$4:$B$1436,MATCH($B37,VN_국채일별!$A$4:$A$1436,1)),IF($J37<=2,INDEX(VN_국채일별!$B$4:$B$1436,MATCH($B37,VN_국채일별!$A$4:$A$1436,1))+(INDEX(VN_국채일별!$C$4:$C$1436,MATCH($B37,VN_국채일별!$A$4:$A$1436,1))-INDEX(VN_국채일별!$B$4:$B$1436,MATCH($B37,VN_국채일별!$A$4:$A$1436,1)))*($J37-1),IF($J37<=3,INDEX(VN_국채일별!$C$4:$C$1436,MATCH($B37,VN_국채일별!$A$4:$A$1436,1))+(INDEX(VN_국채일별!$D$4:$D$1436,MATCH($B37,VN_국채일별!$A$4:$A$1436,1))-INDEX(VN_국채일별!$C$4:$C$1436,MATCH($B37,VN_국채일별!$A$4:$A$1436,1)))*($J37-2),IF($J37<=5,INDEX(VN_국채일별!$D$4:$D$1436,MATCH($B37,VN_국채일별!$A$4:$A$1436,1))+(INDEX(VN_국채일별!$E$4:$E$1436,MATCH($B37,VN_국채일별!$A$4:$A$1436,1))-INDEX(VN_국채일별!$D$4:$D$1436,MATCH($B37,VN_국채일별!$A$4:$A$1436,1)))*($J37-3)/2,IF($J37<=7,INDEX(VN_국채일별!$E$4:$E$1436,MATCH($B37,VN_국채일별!$A$4:$A$1436,1))+(INDEX(VN_국채일별!$F$4:$F$1436,MATCH($B37,VN_국채일별!$A$4:$A$1436,1))-INDEX(VN_국채일별!$E$4:$E$1436,MATCH($B37,VN_국채일별!$A$4:$A$1436,1)))*($J37-5)/2,IF($J37<=10,INDEX(VN_국채일별!$F$4:$F$1436,MATCH($B37,VN_국채일별!$A$4:$A$1436,1))+(INDEX(VN_국채일별!$G$4:$G$1436,MATCH($B37,VN_국채일별!$A$4:$A$1436,1))-INDEX(VN_국채일별!$F$4:$F$1436,MATCH($B37,VN_국채일별!$A$4:$A$1436,1)))*($J37-7)/3,INDEX(VN_국채일별!$G$4:$G$1436,MATCH($B37,VN_국채일별!$A$4:$A$1436,1)))))))),"")) -> 0.01204 | R37: =IF(OR(L37="",Q37=""),"",(L37-Q37)*10000) | S37: =IF(AND(K37="고정",N37="N",J37>=2,J37<=4,I37<>""),1,0) -> 0 | T37: =IF(S37=1,I37*L37,0) -> 0 | U37: =IF(AND(S37=1,ISNUMBER(R37)),I37*R37,0) -> 0 | V37: =IF(AND(F37="Big4(국영)",K37="고정",N37="N",I37<>""),1,0) -> 0 | W37: =IF(V37=1,I37*L37,0) -> 0 | X37: =IF(AND(V37=1,ISNUMBER(R37)),I37*R37,0) -> 0 | Y37: =IF(AND(S37=1,ISNUMBER(R37)),I37,0) -> 0 | Z37: =IF(AND(V37=1,ISNUMBER(R37)),I37,0) -> 0
A38: 2021-12 | B38: 44533 | C38: =DATE(YEAR(B38),MONTH(B38),1) -> 44531 | D38: =YEAR(B38)&"Q"&ROUNDUP(MONTH(B38)/3,0) -> 2021Q4 | E38: Vietcombank | F38: Big4(국영) | G38: NH TMCP NGOẠI THƯƠNG VIỆT NAM | H38: VCBH2131007 | I38: 350 | J38: 10 | K38: 변동/혼합 | N38: Y | O38: 1% + LSTC | Q38: =IF($J38="","",IFERROR(IF($J38<=1,INDEX(VN_국채일별!$B$4:$B$1436,MATCH($B38,VN_국채일별!$A$4:$A$1436,1)),IF($J38<=2,INDEX(VN_국채일별!$B$4:$B$1436,MATCH($B38,VN_국채일별!$A$4:$A$1436,1))+(INDEX(VN_국채일별!$C$4:$C$1436,MATCH($B38,VN_국채일별!$A$4:$A$1436,1))-INDEX(VN_국채일별!$B$4:$B$1436,MATCH($B38,VN_국채일별!$A$4:$A$1436,1)))*($J38-1),IF($J38<=3,INDEX(VN_국채일별!$C$4:$C$1436,MATCH($B38,VN_국채일별!$A$4:$A$1436,1))+(INDEX(VN_국채일별!$D$4:$D$1436,MATCH($B38,VN_국채일별!$A$4:$A$1436,1))-INDEX(VN_국채일별!$C$4:$C$1436,MATCH($B38,VN_국채일별!$A$4:$A$1436,1)))*($J38-2),IF($J38<=5,INDEX(VN_국채일별!$D$4:$D$1436,MATCH($B38,VN_국채일별!$A$4:$A$1436,1))+(INDEX(VN_국채일별!$E$4:$E$1436,MATCH($B38,VN_국채일별!$A$4:$A$1436,1))-INDEX(VN_국채일별!$D$4:$D$1436,MATCH($B38,VN_국채일별!$A$4:$A$1436,1)))*($J38-3)/2,IF($J38<=7,INDEX(VN_국채일별!$E$4:$E$1436,MATCH($B38,VN_국채일별!$A$4:$A$1436,1))+(INDEX(VN_국채일별!$F$4:$F$1436,MATCH($B38,VN_국채일별!$A$4:$A$1436,1))-INDEX(VN_국채일별!$E$4:$E$1436,MATCH($B38,VN_국채일별!$A$4:$A$1436,1)))*($J38-5)/2,IF($J38<=10,INDEX(VN_국채일별!$F$4:$F$1436,MATCH($B38,VN_국채일별!$A$4:$A$1436,1))+(INDEX(VN_국채일별!$G$4:$G$1436,MATCH($B38,VN_국채일별!$A$4:$A$1436,1))-INDEX(VN_국채일별!$F$4:$F$1436,MATCH($B38,VN_국채일별!$A$4:$A$1436,1)))*($J38-7)/3,INDEX(VN_국채일별!$G$4:$G$1436,MATCH($B38,VN_국채일별!$A$4:$A$1436,1)))))))),"")) -> 0.01984 | R38: =IF(OR(L38="",Q38=""),"",(L38-Q38)*10000) | S38: =IF(AND(K38="고정",N38="N",J38>=2,J38<=4,I38<>""),1,0) -> 0 | T38: =IF(S38=1,I38*L38,0) -> 0 | U38: =IF(AND(S38=1,ISNUMBER(R38)),I38*R38,0) -> 0 | V38: =IF(AND(F38="Big4(국영)",K38="고정",N38="N",I38<>""),1,0) -> 0 | W38: =IF(V38=1,I38*L38,0) -> 0 | X38: =IF(AND(V38=1,ISNUMBER(R38)),I38*R38,0) -> 0 | Y38: =IF(AND(S38=1,ISNUMBER(R38)),I38,0) -> 0 | Z38: =IF(AND(V38=1,ISNUMBER(R38)),I38,0) -> 0
A39: 2021-12 | B39: 44536 | C39: =DATE(YEAR(B39),MONTH(B39),1) -> 44531 | D39: =YEAR(B39)&"Q"&ROUNDUP(MONTH(B39)/3,0) -> 2021Q4 | E39: LPBank | F39: 민간 | G39: NH TMCP BƯU ĐIỆN LIÊN VIỆT | H39: LPBH2123013 | I39: 1000 | J39: 2 | K39: 고정 | L39: 0.037 | N39: N | O39: 3.7%/NĂM | Q39: =IF($J39="","",IFERROR(IF($J39<=1,INDEX(VN_국채일별!$B$4:$B$1436,MATCH($B39,VN_국채일별!$A$4:$A$1436,1)),IF($J39<=2,INDEX(VN_국채일별!$B$4:$B$1436,MATCH($B39,VN_국채일별!$A$4:$A$1436,1))+(INDEX(VN_국채일별!$C$4:$C$1436,MATCH($B39,VN_국채일별!$A$4:$A$1436,1))-INDEX(VN_국채일별!$B$4:$B$1436,MATCH($B39,VN_국채일별!$A$4:$A$1436,1)))*($J39-1),IF($J39<=3,INDEX(VN_국채일별!$C$4:$C$1436,MATCH($B39,VN_국채일별!$A$4:$A$1436,1))+(INDEX(VN_국채일별!$D$4:$D$1436,MATCH($B39,VN_국채일별!$A$4:$A$1436,1))-INDEX(VN_국채일별!$C$4:$C$1436,MATCH($B39,VN_국채일별!$A$4:$A$1436,1)))*($J39-2),IF($J39<=5,INDEX(VN_국채일별!$D$4:$D$1436,MATCH($B39,VN_국채일별!$A$4:$A$1436,1))+(INDEX(VN_국채일별!$E$4:$E$1436,MATCH($B39,VN_국채일별!$A$4:$A$1436,1))-INDEX(VN_국채일별!$D$4:$D$1436,MATCH($B39,VN_국채일별!$A$4:$A$1436,1)))*($J39-3)/2,IF($J39<=7,INDEX(VN_국채일별!$E$4:$E$1436,MATCH($B39,VN_국채일별!$A$4:$A$1436,1))+(INDEX(VN_국채일별!$F$4:$F$1436,MATCH($B39,VN_국채일별!$A$4:$A$1436,1))-INDEX(VN_국채일별!$E$4:$E$1436,MATCH($B39,VN_국채일별!$A$4:$A$1436,1)))*($J39-5)/2,IF($J39<=10,INDEX(VN_국채일별!$F$4:$F$1436,MATCH($B39,VN_국채일별!$A$4:$A$1436,1))+(INDEX(VN_국채일별!$G$4:$G$1436,MATCH($B39,VN_국채일별!$A$4:$A$1436,1))-INDEX(VN_국채일별!$F$4:$F$1436,MATCH($B39,VN_국채일별!$A$4:$A$1436,1)))*($J39-7)/3,INDEX(VN_국채일별!$G$4:$G$1436,MATCH($B39,VN_국채일별!$A$4:$A$1436,1)))))))),"")) -> 0.00568 | R39: =IF(OR(L39="",Q39=""),"",(L39-Q39)*10000) -> 313.2 | S39: =IF(AND(K39="고정",N39="N",J39>=2,J39<=4,I39<>""),1,0) -> 1 | T39: =IF(S39=1,I39*L39,0) -> 37 | U39: =IF(AND(S39=1,ISNUMBER(R39)),I39*R39,0) -> 313200 | V39: =IF(AND(F39="Big4(국영)",K39="고정",N39="N",I39<>""),1,0) -> 0 | W39: =IF(V39=1,I39*L39,0) -> 0 | X39: =IF(AND(V39=1,ISNUMBER(R39)),I39*R39,0) -> 0 | Y39: =IF(AND(S39=1,ISNUMBER(R39)),I39,0) -> 1000 | Z39: =IF(AND(V39=1,ISNUMBER(R39)),I39,0) -> 0
A40: 2021-12 | B40: 44536 | C40: =DATE(YEAR(B40),MONTH(B40),1) -> 44531 | D40: =YEAR(B40)&"Q"&ROUNDUP(MONTH(B40)/3,0) -> 2021Q4 | E40: OCB | F40: 민간 | G40: NH TMCP PHƯƠNG ĐÔNG | H40: OCBL2124010 | I40: 500 | J40: 3 | K40: 고정 | L40: 0.032 | N40: N | O40: 3.2%/NĂM | Q40: =IF($J40="","",IFERROR(IF($J40<=1,INDEX(VN_국채일별!$B$4:$B$1436,MATCH($B40,VN_국채일별!$A$4:$A$1436,1)),IF($J40<=2,INDEX(VN_국채일별!$B$4:$B$1436,MATCH($B40,VN_국채일별!$A$4:$A$1436,1))+(INDEX(VN_국채일별!$C$4:$C$1436,MATCH($B40,VN_국채일별!$A$4:$A$1436,1))-INDEX(VN_국채일별!$B$4:$B$1436,MATCH($B40,VN_국채일별!$A$4:$A$1436,1)))*($J40-1),IF($J40<=3,INDEX(VN_국채일별!$C$4:$C$1436,MATCH($B40,VN_국채일별!$A$4:$A$1436,1))+(INDEX(VN_국채일별!$D$4:$D$1436,MATCH($B40,VN_국채일별!$A$4:$A$1436,1))-INDEX(VN_국채일별!$C$4:$C$1436,MATCH($B40,VN_국채일별!$A$4:$A$1436,1)))*($J40-2),IF($J40<=5,INDEX(VN_국채일별!$D$4:$D$1436,MATCH($B40,VN_국채일별!$A$4:$A$1436,1))+(INDEX(VN_국채일별!$E$4:$E$1436,MATCH($B40,VN_국채일별!$A$4:$A$1436,1))-INDEX(VN_국채일별!$D$4:$D$1436,MATCH($B40,VN_국채일별!$A$4:$A$1436,1)))*($J40-3)/2,IF($J40<=7,INDEX(VN_국채일별!$E$4:$E$1436,MATCH($B40,VN_국채일별!$A$4:$A$1436,1))+(INDEX(VN_국채일별!$F$4:$F$1436,MATCH($B40,VN_국채일별!$A$4:$A$1436,1))-INDEX(VN_국채일별!$E$4:$E$1436,MATCH($B40,VN_국채일별!$A$4:$A$1436,1)))*($J40-5)/2,IF($J40<=10,INDEX(VN_국채일별!$F$4:$F$1436,MATCH($B40,VN_국채일별!$A$4:$A$1436,1))+(INDEX(VN_국채일별!$G$4:$G$1436,MATCH($B40,VN_국채일별!$A$4:$A$1436,1))-INDEX(VN_국채일별!$F$4:$F$1436,MATCH($B40,VN_국채일별!$A$4:$A$1436,1)))*($J40-7)/3,INDEX(VN_국채일별!$G$4:$G$1436,MATCH($B40,VN_국채일별!$A$4:$A$1436,1)))))))),"")) -> 0.00683 | R40: =IF(OR(L40="",Q40=""),"",(L40-Q40)*10000) -> 251.7 | S40: =IF(AND(K40="고정",N40="N",J40>=2,J40<=4,I40<>""),1,0) -> 1 | T40: =IF(S40=1,I40*L40,0) -> 16 | U40: =IF(AND(S40=1,ISNUMBER(R40)),I40*R40,0) -> 125850 | V40: =IF(AND(F40="Big4(국영)",K40="고정",N40="N",I40<>""),1,0) -> 0 | W40: =IF(V40=1,I40*L40,0) -> 0 | X40: =IF(AND(V40=1,ISNUMBER(R40)),I40*R40,0) -> 0 | Y40: =IF(AND(S40=1,ISNUMBER(R40)),I40,0) -> 500 | Z40: =IF(AND(V40=1,ISNUMBER(R40)),I40,0) -> 0
A41: 2021-12 | B41: 44538 | C41: =DATE(YEAR(B41),MONTH(B41),1) -> 44531 | D41: =YEAR(B41)&"Q"&ROUNDUP(MONTH(B41)/3,0) -> 2021Q4 | E41: MB | F41: 민간 | G41: NH TMCP QUÂN ĐỘI | H41: MBBL2128015 | I41: 0 | J41: 7 | K41: 변동/혼합 | N41: Y | O41: 7.1%/NĂM, NẾU KHÔNG MUA LẠI TRƯỚC HẠN THÌ LÃI SUẤT CHO NĂM THỨ 6 VÀ 7 = 7.8%/NĂM | Q41: =IF($J41="","",IFERROR(IF($J41<=1,INDEX(VN_국채일별!$B$4:$B$1436,MATCH($B41,VN_국채일별!$A$4:$A$1436,1)),IF($J41<=2,INDEX(VN_국채일별!$B$4:$B$1436,MATCH($B41,VN_국채일별!$A$4:$A$1436,1))+(INDEX(VN_국채일별!$C$4:$C$1436,MATCH($B41,VN_국채일별!$A$4:$A$1436,1))-INDEX(VN_국채일별!$B$4:$B$1436,MATCH($B41,VN_국채일별!$A$4:$A$1436,1)))*($J41-1),IF($J41<=3,INDEX(VN_국채일별!$C$4:$C$1436,MATCH($B41,VN_국채일별!$A$4:$A$1436,1))+(INDEX(VN_국채일별!$D$4:$D$1436,MATCH($B41,VN_국채일별!$A$4:$A$1436,1))-INDEX(VN_국채일별!$C$4:$C$1436,MATCH($B41,VN_국채일별!$A$4:$A$1436,1)))*($J41-2),IF($J41<=5,INDEX(VN_국채일별!$D$4:$D$1436,MATCH($B41,VN_국채일별!$A$4:$A$1436,1))+(INDEX(VN_국채일별!$E$4:$E$1436,MATCH($B41,VN_국채일별!$A$4:$A$1436,1))-INDEX(VN_국채일별!$D$4:$D$1436,MATCH($B41,VN_국채일별!$A$4:$A$1436,1)))*($J41-3)/2,IF($J41<=7,INDEX(VN_국채일별!$E$4:$E$1436,MATCH($B41,VN_국채일별!$A$4:$A$1436,1))+(INDEX(VN_국채일별!$F$4:$F$1436,MATCH($B41,VN_국채일별!$A$4:$A$1436,1))-INDEX(VN_국채일별!$E$4:$E$1436,MATCH($B41,VN_국채일별!$A$4:$A$1436,1)))*($J41-5)/2,IF($J41<=10,INDEX(VN_국채일별!$F$4:$F$1436,MATCH($B41,VN_국채일별!$A$4:$A$1436,1))+(INDEX(VN_국채일별!$G$4:$G$1436,MATCH($B41,VN_국채일별!$A$4:$A$1436,1))-INDEX(VN_국채일별!$F$4:$F$1436,MATCH($B41,VN_국채일별!$A$4:$A$1436,1)))*($J41-7)/3,INDEX(VN_국채일별!$G$4:$G$1436,MATCH($B41,VN_국채일별!$A$4:$A$1436,1)))))))),"")) -> 0.01207 | R41: =IF(OR(L41="",Q41=""),"",(L41-Q41)*10000) | S41: =IF(AND(K41="고정",N41="N",J41>=2,J41<=4,I41<>""),1,0) -> 0 | T41: =IF(S41=1,I41*L41,0) -> 0 | U41: =IF(AND(S41=1,ISNUMBER(R41)),I41*R41,0) -> 0 | V41: =IF(AND(F41="Big4(국영)",K41="고정",N41="N",I41<>""),1,0) -> 0 | W41: =IF(V41=1,I41*L41,0) -> 0 | X41: =IF(AND(V41=1,ISNUMBER(R41)),I41*R41,0) -> 0 | Y41: =IF(AND(S41=1,ISNUMBER(R41)),I41,0) -> 0 | Z41: =IF(AND(V41=1,ISNUMBER(R41)),I41,0) -> 0
A42: 2021-12 | B42: 44539 | C42: =DATE(YEAR(B42),MONTH(B42),1) -> 44531 | D42: =YEAR(B42)&"Q"&ROUNDUP(MONTH(B42)/3,0) -> 2021Q4 | E42: HDBank | F42: 민간 | G42: NH TMCP PHÁT TRIỂN THÀNH PHỐ HỒ CHÍ MINH | H42: HDBL2125010 | I42: 400 | J42: 4 | K42: 고정 | L42: 0.038 | N42: N | O42: 3.8%/NĂM | Q42: =IF($J42="","",IFERROR(IF($J42<=1,INDEX(VN_국채일별!$B$4:$B$1436,MATCH($B42,VN_국채일별!$A$4:$A$1436,1)),IF($J42<=2,INDEX(VN_국채일별!$B$4:$B$1436,MATCH($B42,VN_국채일별!$A$4:$A$1436,1))+(INDEX(VN_국채일별!$C$4:$C$1436,MATCH($B42,VN_국채일별!$A$4:$A$1436,1))-INDEX(VN_국채일별!$B$4:$B$1436,MATCH($B42,VN_국채일별!$A$4:$A$1436,1)))*($J42-1),IF($J42<=3,INDEX(VN_국채일별!$C$4:$C$1436,MATCH($B42,VN_국채일별!$A$4:$A$1436,1))+(INDEX(VN_국채일별!$D$4:$D$1436,MATCH($B42,VN_국채일별!$A$4:$A$1436,1))-INDEX(VN_국채일별!$C$4:$C$1436,MATCH($B42,VN_국채일별!$A$4:$A$1436,1)))*($J42-2),IF($J42<=5,INDEX(VN_국채일별!$D$4:$D$1436,MATCH($B42,VN_국채일별!$A$4:$A$1436,1))+(INDEX(VN_국채일별!$E$4:$E$1436,MATCH($B42,VN_국채일별!$A$4:$A$1436,1))-INDEX(VN_국채일별!$D$4:$D$1436,MATCH($B42,VN_국채일별!$A$4:$A$1436,1)))*($J42-3)/2,IF($J42<=7,INDEX(VN_국채일별!$E$4:$E$1436,MATCH($B42,VN_국채일별!$A$4:$A$1436,1))+(INDEX(VN_국채일별!$F$4:$F$1436,MATCH($B42,VN_국채일별!$A$4:$A$1436,1))-INDEX(VN_국채일별!$E$4:$E$1436,MATCH($B42,VN_국채일별!$A$4:$A$1436,1)))*($J42-5)/2,IF($J42<=10,INDEX(VN_국채일별!$F$4:$F$1436,MATCH($B42,VN_국채일별!$A$4:$A$1436,1))+(INDEX(VN_국채일별!$G$4:$G$1436,MATCH($B42,VN_국채일별!$A$4:$A$1436,1))-INDEX(VN_국채일별!$F$4:$F$1436,MATCH($B42,VN_국채일별!$A$4:$A$1436,1)))*($J42-7)/3,INDEX(VN_국채일별!$G$4:$G$1436,MATCH($B42,VN_국채일별!$A$4:$A$1436,1)))))))),"")) -> 0.007185 | R42: =IF(OR(L42="",Q42=""),"",(L42-Q42)*10000) -> 308.15 | S42: =IF(AND(K42="고정",N42="N",J42>=2,J42<=4,I42<>""),1,0) -> 1 | T42: =IF(S42=1,I42*L42,0) -> 15.2 | U42: =IF(AND(S42=1,ISNUMBER(R42)),I42*R42,0) -> 123260 | V42: =IF(AND(F42="Big4(국영)",K42="고정",N42="N",I42<>""),1,0) -> 0 | W42: =IF(V42=1,I42*L42,0) -> 0 | X42: =IF(AND(V42=1,ISNUMBER(R42)),I42*R42,0) -> 0 | Y42: =IF(AND(S42=1,ISNUMBER(R42)),I42,0) -> 400 | Z42: =IF(AND(V42=1,ISNUMBER(R42)),I42,0) -> 0
A43: 2021-12 | B43: 44543 | C43: =DATE(YEAR(B43),MONTH(B43),1) -> 44531 | D43: =YEAR(B43)&"Q"&ROUNDUP(MONTH(B43)/3,0) -> 2021Q4 | E43: LPBank | F43: 민간 | G43: NH TMCP BƯU ĐIỆN LIÊN VIỆT | H43: LPBH2124014 | I43: 1000 | J43: 3 | K43: 고정 | L43: 0.033 | N43: N | O43: 3.3%/NĂM | Q43: =IF($J43="","",IFERROR(IF($J43<=1,INDEX(VN_국채일별!$B$4:$B$1436,MATCH($B43,VN_국채일별!$A$4:$A$1436,1)),IF($J43<=2,INDEX(VN_국채일별!$B$4:$B$1436,MATCH($B43,VN_국채일별!$A$4:$A$1436,1))+(INDEX(VN_국채일별!$C$4:$C$1436,MATCH($B43,VN_국채일별!$A$4:$A$1436,1))-INDEX(VN_국채일별!$B$4:$B$1436,MATCH($B43,VN_국채일별!$A$4:$A$1436,1)))*($J43-1),IF($J43<=3,INDEX(VN_국채일별!$C$4:$C$1436,MATCH($B43,VN_국채일별!$A$4:$A$1436,1))+(INDEX(VN_국채일별!$D$4:$D$1436,MATCH($B43,VN_국채일별!$A$4:$A$1436,1))-INDEX(VN_국채일별!$C$4:$C$1436,MATCH($B43,VN_국채일별!$A$4:$A$1436,1)))*($J43-2),IF($J43<=5,INDEX(VN_국채일별!$D$4:$D$1436,MATCH($B43,VN_국채일별!$A$4:$A$1436,1))+(INDEX(VN_국채일별!$E$4:$E$1436,MATCH($B43,VN_국채일별!$A$4:$A$1436,1))-INDEX(VN_국채일별!$D$4:$D$1436,MATCH($B43,VN_국채일별!$A$4:$A$1436,1)))*($J43-3)/2,IF($J43<=7,INDEX(VN_국채일별!$E$4:$E$1436,MATCH($B43,VN_국채일별!$A$4:$A$1436,1))+(INDEX(VN_국채일별!$F$4:$F$1436,MATCH($B43,VN_국채일별!$A$4:$A$1436,1))-INDEX(VN_국채일별!$E$4:$E$1436,MATCH($B43,VN_국채일별!$A$4:$A$1436,1)))*($J43-5)/2,IF($J43<=10,INDEX(VN_국채일별!$F$4:$F$1436,MATCH($B43,VN_국채일별!$A$4:$A$1436,1))+(INDEX(VN_국채일별!$G$4:$G$1436,MATCH($B43,VN_국채일별!$A$4:$A$1436,1))-INDEX(VN_국채일별!$F$4:$F$1436,MATCH($B43,VN_국채일별!$A$4:$A$1436,1)))*($J43-7)/3,INDEX(VN_국채일별!$G$4:$G$1436,MATCH($B43,VN_국채일별!$A$4:$A$1436,1)))))))),"")) -> 0.00679 | R43: =IF(OR(L43="",Q43=""),"",(L43-Q43)*10000) -> 262.1 | S43: =IF(AND(K43="고정",N43="N",J43>=2,J43<=4,I43<>""),1,0) -> 1 | T43: =IF(S43=1,I43*L43,0) -> 33 | U43: =IF(AND(S43=1,ISNUMBER(R43)),I43*R43,0) -> 262100 | V43: =IF(AND(F43="Big4(국영)",K43="고정",N43="N",I43<>""),1,0) -> 0 | W43: =IF(V43=1,I43*L43,0) -> 0 | X43: =IF(AND(V43=1,ISNUMBER(R43)),I43*R43,0) -> 0 | Y43: =IF(AND(S43=1,ISNUMBER(R43)),I43,0) -> 1000 | Z43: =IF(AND(V43=1,ISNUMBER(R43)),I43,0) -> 0
A44: 2021-12 | B44: 44543 | C44: =DATE(YEAR(B44),MONTH(B44),1) -> 44531 | D44: =YEAR(B44)&"Q"&ROUNDUP(MONTH(B44)/3,0) -> 2021Q4 | E44: VIB | F44: 민간 | G44: NH TMCP QUỐC TẾ VIỆT NAM | H44: VIBL2128020 | I44: 500 | J44: 7 | K44: 변동/혼합 | N44: Y | Q44: =IF($J44="","",IFERROR(IF($J44<=1,INDEX(VN_국채일별!$B$4:$B$1436,MATCH($B44,VN_국채일별!$A$4:$A$1436,1)),IF($J44<=2,INDEX(VN_국채일별!$B$4:$B$1436,MATCH($B44,VN_국채일별!$A$4:$A$1436,1))+(INDEX(VN_국채일별!$C$4:$C$1436,MATCH($B44,VN_국채일별!$A$4:$A$1436,1))-INDEX(VN_국채일별!$B$4:$B$1436,MATCH($B44,VN_국채일별!$A$4:$A$1436,1)))*($J44-1),IF($J44<=3,INDEX(VN_국채일별!$C$4:$C$1436,MATCH($B44,VN_국채일별!$A$4:$A$1436,1))+(INDEX(VN_국채일별!$D$4:$D$1436,MATCH($B44,VN_국채일별!$A$4:$A$1436,1))-INDEX(VN_국채일별!$C$4:$C$1436,MATCH($B44,VN_국채일별!$A$4:$A$1436,1)))*($J44-2),IF($J44<=5,INDEX(VN_국채일별!$D$4:$D$1436,MATCH($B44,VN_국채일별!$A$4:$A$1436,1))+(INDEX(VN_국채일별!$E$4:$E$1436,MATCH($B44,VN_국채일별!$A$4:$A$1436,1))-INDEX(VN_국채일별!$D$4:$D$1436,MATCH($B44,VN_국채일별!$A$4:$A$1436,1)))*($J44-3)/2,IF($J44<=7,INDEX(VN_국채일별!$E$4:$E$1436,MATCH($B44,VN_국채일별!$A$4:$A$1436,1))+(INDEX(VN_국채일별!$F$4:$F$1436,MATCH($B44,VN_국채일별!$A$4:$A$1436,1))-INDEX(VN_국채일별!$E$4:$E$1436,MATCH($B44,VN_국채일별!$A$4:$A$1436,1)))*($J44-5)/2,IF($J44<=10,INDEX(VN_국채일별!$F$4:$F$1436,MATCH($B44,VN_국채일별!$A$4:$A$1436,1))+(INDEX(VN_국채일별!$G$4:$G$1436,MATCH($B44,VN_국채일별!$A$4:$A$1436,1))-INDEX(VN_국채일별!$F$4:$F$1436,MATCH($B44,VN_국채일별!$A$4:$A$1436,1)))*($J44-7)/3,INDEX(VN_국채일별!$G$4:$G$1436,MATCH($B44,VN_국채일별!$A$4:$A$1436,1)))))))),"")) -> 0.01198 | R44: =IF(OR(L44="",Q44=""),"",(L44-Q44)*10000) | S44: =IF(AND(K44="고정",N44="N",J44>=2,J44<=4,I44<>""),1,0) -> 0 | T44: =IF(S44=1,I44*L44,0) -> 0 | U44: =IF(AND(S44=1,ISNUMBER(R44)),I44*R44,0) -> 0 | V44: =IF(AND(F44="Big4(국영)",K44="고정",N44="N",I44<>""),1,0) -> 0 | W44: =IF(V44=1,I44*L44,0) -> 0 | X44: =IF(AND(V44=1,ISNUMBER(R44)),I44*R44,0) -> 0 | Y44: =IF(AND(S44=1,ISNUMBER(R44)),I44,0) -> 0 | Z44: =IF(AND(V44=1,ISNUMBER(R44)),I44,0) -> 0
A45: 2021-12 | B45: 44543 | C45: =DATE(YEAR(B45),MONTH(B45),1) -> 44531 | D45: =YEAR(B45)&"Q"&ROUNDUP(MONTH(B45)/3,0) -> 2021Q4 | E45: ACB | F45: 민간 | G45: NH TMCP Á CHÂU | H45: ACBH2123014 | I45: 500 | J45: 2 | K45: 고정 | L45: 0.031 | N45: N | O45: 3.1%/NĂM | Q45: =IF($J45="","",IFERROR(IF($J45<=1,INDEX(VN_국채일별!$B$4:$B$1436,MATCH($B45,VN_국채일별!$A$4:$A$1436,1)),IF($J45<=2,INDEX(VN_국채일별!$B$4:$B$1436,MATCH($B45,VN_국채일별!$A$4:$A$1436,1))+(INDEX(VN_국채일별!$C$4:$C$1436,MATCH($B45,VN_국채일별!$A$4:$A$1436,1))-INDEX(VN_국채일별!$B$4:$B$1436,MATCH($B45,VN_국채일별!$A$4:$A$1436,1)))*($J45-1),IF($J45<=3,INDEX(VN_국채일별!$C$4:$C$1436,MATCH($B45,VN_국채일별!$A$4:$A$1436,1))+(INDEX(VN_국채일별!$D$4:$D$1436,MATCH($B45,VN_국채일별!$A$4:$A$1436,1))-INDEX(VN_국채일별!$C$4:$C$1436,MATCH($B45,VN_국채일별!$A$4:$A$1436,1)))*($J45-2),IF($J45<=5,INDEX(VN_국채일별!$D$4:$D$1436,MATCH($B45,VN_국채일별!$A$4:$A$1436,1))+(INDEX(VN_국채일별!$E$4:$E$1436,MATCH($B45,VN_국채일별!$A$4:$A$1436,1))-INDEX(VN_국채일별!$D$4:$D$1436,MATCH($B45,VN_국채일별!$A$4:$A$1436,1)))*($J45-3)/2,IF($J45<=7,INDEX(VN_국채일별!$E$4:$E$1436,MATCH($B45,VN_국채일별!$A$4:$A$1436,1))+(INDEX(VN_국채일별!$F$4:$F$1436,MATCH($B45,VN_국채일별!$A$4:$A$1436,1))-INDEX(VN_국채일별!$E$4:$E$1436,MATCH($B45,VN_국채일별!$A$4:$A$1436,1)))*($J45-5)/2,IF($J45<=10,INDEX(VN_국채일별!$F$4:$F$1436,MATCH($B45,VN_국채일별!$A$4:$A$1436,1))+(INDEX(VN_국채일별!$G$4:$G$1436,MATCH($B45,VN_국채일별!$A$4:$A$1436,1))-INDEX(VN_국채일별!$F$4:$F$1436,MATCH($B45,VN_국채일별!$A$4:$A$1436,1)))*($J45-7)/3,INDEX(VN_국채일별!$G$4:$G$1436,MATCH($B45,VN_국채일별!$A$4:$A$1436,1)))))))),"")) -> 0.00573 | R45: =IF(OR(L45="",Q45=""),"",(L45-Q45)*10000) -> 252.7 | S45: =IF(AND(K45="고정",N45="N",J45>=2,J45<=4,I45<>""),1,0) -> 1 | T45: =IF(S45=1,I45*L45,0) -> 15.5 | U45: =IF(AND(S45=1,ISNUMBER(R45)),I45*R45,0) -> 126350 | V45: =IF(AND(F45="Big4(국영)",K45="고정",N45="N",I45<>""),1,0) -> 0 | W45: =IF(V45=1,I45*L45,0) -> 0 | X45: =IF(AND(V45=1,ISNUMBER(R45)),I45*R45,0) -> 0 | Y45: =IF(AND(S45=1,ISNUMBER(R45)),I45,0) -> 500 | Z45: =IF(AND(V45=1,ISNUMBER(R45)),I45,0) -> 0
A46: 2021-12 | B46: 44544 | C46: =DATE(YEAR(B46),MONTH(B46),1) -> 44531 | D46: =YEAR(B46)&"Q"&ROUNDUP(MONTH(B46)/3,0) -> 2021Q4 | E46: ABBank | F46: 민간 | G46: NH TMCP AN BÌNH | H46: ABBL2123015 | I46: 1000 | J46: 2 | K46: 고정 | L46: 0.028 | N46: N | O46: 2.8%/NĂM | Q46: =IF($J46="","",IFERROR(IF($J46<=1,INDEX(VN_국채일별!$B$4:$B$1436,MATCH($B46,VN_국채일별!$A$4:$A$1436,1)),IF($J46<=2,INDEX(VN_국채일별!$B$4:$B$1436,MATCH($B46,VN_국채일별!$A$4:$A$1436,1))+(INDEX(VN_국채일별!$C$4:$C$1436,MATCH($B46,VN_국채일별!$A$4:$A$1436,1))-INDEX(VN_국채일별!$B$4:$B$1436,MATCH($B46,VN_국채일별!$A$4:$A$1436,1)))*($J46-1),IF($J46<=3,INDEX(VN_국채일별!$C$4:$C$1436,MATCH($B46,VN_국채일별!$A$4:$A$1436,1))+(INDEX(VN_국채일별!$D$4:$D$1436,MATCH($B46,VN_국채일별!$A$4:$A$1436,1))-INDEX(VN_국채일별!$C$4:$C$1436,MATCH($B46,VN_국채일별!$A$4:$A$1436,1)))*($J46-2),IF($J46<=5,INDEX(VN_국채일별!$D$4:$D$1436,MATCH($B46,VN_국채일별!$A$4:$A$1436,1))+(INDEX(VN_국채일별!$E$4:$E$1436,MATCH($B46,VN_국채일별!$A$4:$A$1436,1))-INDEX(VN_국채일별!$D$4:$D$1436,MATCH($B46,VN_국채일별!$A$4:$A$1436,1)))*($J46-3)/2,IF($J46<=7,INDEX(VN_국채일별!$E$4:$E$1436,MATCH($B46,VN_국채일별!$A$4:$A$1436,1))+(INDEX(VN_국채일별!$F$4:$F$1436,MATCH($B46,VN_국채일별!$A$4:$A$1436,1))-INDEX(VN_국채일별!$E$4:$E$1436,MATCH($B46,VN_국채일별!$A$4:$A$1436,1)))*($J46-5)/2,IF($J46<=10,INDEX(VN_국채일별!$F$4:$F$1436,MATCH($B46,VN_국채일별!$A$4:$A$1436,1))+(INDEX(VN_국채일별!$G$4:$G$1436,MATCH($B46,VN_국채일별!$A$4:$A$1436,1))-INDEX(VN_국채일별!$F$4:$F$1436,MATCH($B46,VN_국채일별!$A$4:$A$1436,1)))*($J46-7)/3,INDEX(VN_국채일별!$G$4:$G$1436,MATCH($B46,VN_국채일별!$A$4:$A$1436,1)))))))),"")) -> 0.00573 | R46: =IF(OR(L46="",Q46=""),"",(L46-Q46)*10000) -> 222.7 | S46: =IF(AND(K46="고정",N46="N",J46>=2,J46<=4,I46<>""),1,0) -> 1 | T46: =IF(S46=1,I46*L46,0) -> 28 | U46: =IF(AND(S46=1,ISNUMBER(R46)),I46*R46,0) -> 222700 | V46: =IF(AND(F46="Big4(국영)",K46="고정",N46="N",I46<>""),1,0) -> 0 | W46: =IF(V46=1,I46*L46,0) -> 0 | X46: =IF(AND(V46=1,ISNUMBER(R46)),I46*R46,0) -> 0 | Y46: =IF(AND(S46=1,ISNUMBER(R46)),I46,0) -> 1000 | Z46: =IF(AND(V46=1,ISNUMBER(R46)),I46,0) -> 0
A47: 2021-12 | B47: 44544 | C47: =DATE(YEAR(B47),MONTH(B47),1) -> 44531 | D47: =YEAR(B47)&"Q"&ROUNDUP(MONTH(B47)/3,0) -> 2021Q4 | E47: HDBank | F47: 민간 | G47: NH TMCP CỔ PHẦN PHÁT TRIỂN HỒ CHÍ MINH | H47: HDBL2128011 | I47: 200 | J47: 7 | K47: 변동/혼합 | N47: Y | O47: 1.6%/NĂM + LSTC, NẾU KHÔNG MUA LẠI THÌ NĂM 6 VÀ 7 = 2.6%/NĂM + LSTC | Q47: =IF($J47="","",IFERROR(IF($J47<=1,INDEX(VN_국채일별!$B$4:$B$1436,MATCH($B47,VN_국채일별!$A$4:$A$1436,1)),IF($J47<=2,INDEX(VN_국채일별!$B$4:$B$1436,MATCH($B47,VN_국채일별!$A$4:$A$1436,1))+(INDEX(VN_국채일별!$C$4:$C$1436,MATCH($B47,VN_국채일별!$A$4:$A$1436,1))-INDEX(VN_국채일별!$B$4:$B$1436,MATCH($B47,VN_국채일별!$A$4:$A$1436,1)))*($J47-1),IF($J47<=3,INDEX(VN_국채일별!$C$4:$C$1436,MATCH($B47,VN_국채일별!$A$4:$A$1436,1))+(INDEX(VN_국채일별!$D$4:$D$1436,MATCH($B47,VN_국채일별!$A$4:$A$1436,1))-INDEX(VN_국채일별!$C$4:$C$1436,MATCH($B47,VN_국채일별!$A$4:$A$1436,1)))*($J47-2),IF($J47<=5,INDEX(VN_국채일별!$D$4:$D$1436,MATCH($B47,VN_국채일별!$A$4:$A$1436,1))+(INDEX(VN_국채일별!$E$4:$E$1436,MATCH($B47,VN_국채일별!$A$4:$A$1436,1))-INDEX(VN_국채일별!$D$4:$D$1436,MATCH($B47,VN_국채일별!$A$4:$A$1436,1)))*($J47-3)/2,IF($J47<=7,INDEX(VN_국채일별!$E$4:$E$1436,MATCH($B47,VN_국채일별!$A$4:$A$1436,1))+(INDEX(VN_국채일별!$F$4:$F$1436,MATCH($B47,VN_국채일별!$A$4:$A$1436,1))-INDEX(VN_국채일별!$E$4:$E$1436,MATCH($B47,VN_국채일별!$A$4:$A$1436,1)))*($J47-5)/2,IF($J47<=10,INDEX(VN_국채일별!$F$4:$F$1436,MATCH($B47,VN_국채일별!$A$4:$A$1436,1))+(INDEX(VN_국채일별!$G$4:$G$1436,MATCH($B47,VN_국채일별!$A$4:$A$1436,1))-INDEX(VN_국채일별!$F$4:$F$1436,MATCH($B47,VN_국채일별!$A$4:$A$1436,1)))*($J47-7)/3,INDEX(VN_국채일별!$G$4:$G$1436,MATCH($B47,VN_국채일별!$A$4:$A$1436,1)))))))),"")) -> 0.01202 | R47: =IF(OR(L47="",Q47=""),"",(L47-Q47)*10000) | S47: =IF(AND(K47="고정",N47="N",J47>=2,J47<=4,I47<>""),1,0) -> 0 | T47: =IF(S47=1,I47*L47,0) -> 0 | U47: =IF(AND(S47=1,ISNUMBER(R47)),I47*R47,0) -> 0 | V47: =IF(AND(F47="Big4(국영)",K47="고정",N47="N",I47<>""),1,0) -> 0 | W47: =IF(V47=1,I47*L47,0) -> 0 | X47: =IF(AND(V47=1,ISNUMBER(R47)),I47*R47,0) -> 0 | Y47: =IF(AND(S47=1,ISNUMBER(R47)),I47,0) -> 0 | Z47: =IF(AND(V47=1,ISNUMBER(R47)),I47,0) -> 0
A48: 2021-12 | B48: 44544 | C48: =DATE(YEAR(B48),MONTH(B48),1) -> 44531 | D48: =YEAR(B48)&"Q"&ROUNDUP(MONTH(B48)/3,0) -> 2021Q4 | E48: Nam A Bank | F48: 민간 | G48: NH TMCP ĐÔNG NAM Á | H48: SSBL2123013 | I48: 500 | J48: 1.5 | K48: 고정 | L48: 0.032 | N48: N | O48: 3.2%/NĂM | Q48: =IF($J48="","",IFERROR(IF($J48<=1,INDEX(VN_국채일별!$B$4:$B$1436,MATCH($B48,VN_국채일별!$A$4:$A$1436,1)),IF($J48<=2,INDEX(VN_국채일별!$B$4:$B$1436,MATCH($B48,VN_국채일별!$A$4:$A$1436,1))+(INDEX(VN_국채일별!$C$4:$C$1436,MATCH($B48,VN_국채일별!$A$4:$A$1436,1))-INDEX(VN_국채일별!$B$4:$B$1436,MATCH($B48,VN_국채일별!$A$4:$A$1436,1)))*($J48-1),IF($J48<=3,INDEX(VN_국채일별!$C$4:$C$1436,MATCH($B48,VN_국채일별!$A$4:$A$1436,1))+(INDEX(VN_국채일별!$D$4:$D$1436,MATCH($B48,VN_국채일별!$A$4:$A$1436,1))-INDEX(VN_국채일별!$C$4:$C$1436,MATCH($B48,VN_국채일별!$A$4:$A$1436,1)))*($J48-2),IF($J48<=5,INDEX(VN_국채일별!$D$4:$D$1436,MATCH($B48,VN_국채일별!$A$4:$A$1436,1))+(INDEX(VN_국채일별!$E$4:$E$1436,MATCH($B48,VN_국채일별!$A$4:$A$1436,1))-INDEX(VN_국채일별!$D$4:$D$1436,MATCH($B48,VN_국채일별!$A$4:$A$1436,1)))*($J48-3)/2,IF($J48<=7,INDEX(VN_국채일별!$E$4:$E$1436,MATCH($B48,VN_국채일별!$A$4:$A$1436,1))+(INDEX(VN_국채일별!$F$4:$F$1436,MATCH($B48,VN_국채일별!$A$4:$A$1436,1))-INDEX(VN_국채일별!$E$4:$E$1436,MATCH($B48,VN_국채일별!$A$4:$A$1436,1)))*($J48-5)/2,IF($J48<=10,INDEX(VN_국채일별!$F$4:$F$1436,MATCH($B48,VN_국채일별!$A$4:$A$1436,1))+(INDEX(VN_국채일별!$G$4:$G$1436,MATCH($B48,VN_국채일별!$A$4:$A$1436,1))-INDEX(VN_국채일별!$F$4:$F$1436,MATCH($B48,VN_국채일별!$A$4:$A$1436,1)))*($J48-7)/3,INDEX(VN_국채일별!$G$4:$G$1436,MATCH($B48,VN_국채일별!$A$4:$A$1436,1)))))))),"")) -> 0.00548 | R48: =IF(OR(L48="",Q48=""),"",(L48-Q48)*10000) -> 265.2 | S48: =IF(AND(K48="고정",N48="N",J48>=2,J48<=4,I48<>""),1,0) -> 0 | T48: =IF(S48=1,I48*L48,0) -> 0 | U48: =IF(AND(S48=1,ISNUMBER(R48)),I48*R48,0) -> 0 | V48: =IF(AND(F48="Big4(국영)",K48="고정",N48="N",I48<>""),1,0) -> 0 | W48: =IF(V48=1,I48*L48,0) -> 0 | X48: =IF(AND(V48=1,ISNUMBER(R48)),I48*R48,0) -> 0 | Y48: =IF(AND(S48=1,ISNUMBER(R48)),I48,0) -> 0 | Z48: =IF(AND(V48=1,ISNUMBER(R48)),I48,0) -> 0
A49: 2021-12 | B49: 44545 | C49: =DATE(YEAR(B49),MONTH(B49),1) -> 44531 | D49: =YEAR(B49)&"Q"&ROUNDUP(MONTH(B49)/3,0) -> 2021Q4 | E49: LPBank | F49: 민간 | G49: NH TMCP BƯU ĐIỆN LIÊN VIỆT | H49: LPBH2124015 | I49: 1000 | J49: 3 | K49: 변동/혼합 | N49: N | Q49: =IF($J49="","",IFERROR(IF($J49<=1,INDEX(VN_국채일별!$B$4:$B$1436,MATCH($B49,VN_국채일별!$A$4:$A$1436,1)),IF($J49<=2,INDEX(VN_국채일별!$B$4:$B$1436,MATCH($B49,VN_국채일별!$A$4:$A$1436,1))+(INDEX(VN_국채일별!$C$4:$C$1436,MATCH($B49,VN_국채일별!$A$4:$A$1436,1))-INDEX(VN_국채일별!$B$4:$B$1436,MATCH($B49,VN_국채일별!$A$4:$A$1436,1)))*($J49-1),IF($J49<=3,INDEX(VN_국채일별!$C$4:$C$1436,MATCH($B49,VN_국채일별!$A$4:$A$1436,1))+(INDEX(VN_국채일별!$D$4:$D$1436,MATCH($B49,VN_국채일별!$A$4:$A$1436,1))-INDEX(VN_국채일별!$C$4:$C$1436,MATCH($B49,VN_국채일별!$A$4:$A$1436,1)))*($J49-2),IF($J49<=5,INDEX(VN_국채일별!$D$4:$D$1436,MATCH($B49,VN_국채일별!$A$4:$A$1436,1))+(INDEX(VN_국채일별!$E$4:$E$1436,MATCH($B49,VN_국채일별!$A$4:$A$1436,1))-INDEX(VN_국채일별!$D$4:$D$1436,MATCH($B49,VN_국채일별!$A$4:$A$1436,1)))*($J49-3)/2,IF($J49<=7,INDEX(VN_국채일별!$E$4:$E$1436,MATCH($B49,VN_국채일별!$A$4:$A$1436,1))+(INDEX(VN_국채일별!$F$4:$F$1436,MATCH($B49,VN_국채일별!$A$4:$A$1436,1))-INDEX(VN_국채일별!$E$4:$E$1436,MATCH($B49,VN_국채일별!$A$4:$A$1436,1)))*($J49-5)/2,IF($J49<=10,INDEX(VN_국채일별!$F$4:$F$1436,MATCH($B49,VN_국채일별!$A$4:$A$1436,1))+(INDEX(VN_국채일별!$G$4:$G$1436,MATCH($B49,VN_국채일별!$A$4:$A$1436,1))-INDEX(VN_국채일별!$F$4:$F$1436,MATCH($B49,VN_국채일별!$A$4:$A$1436,1)))*($J49-7)/3,INDEX(VN_국채일별!$G$4:$G$1436,MATCH($B49,VN_국채일별!$A$4:$A$1436,1)))))))),"")) -> 0.00679 | R49: =IF(OR(L49="",Q49=""),"",(L49-Q49)*10000) | S49: =IF(AND(K49="고정",N49="N",J49>=2,J49<=4,I49<>""),1,0) -> 0 | T49: =IF(S49=1,I49*L49,0) -> 0 | U49: =IF(AND(S49=1,ISNUMBER(R49)),I49*R49,0) -> 0 | V49: =IF(AND(F49="Big4(국영)",K49="고정",N49="N",I49<>""),1,0) -> 0 | W49: =IF(V49=1,I49*L49,0) -> 0 | X49: =IF(AND(V49=1,ISNUMBER(R49)),I49*R49,0) -> 0 | Y49: =IF(AND(S49=1,ISNUMBER(R49)),I49,0) -> 0 | Z49: =IF(AND(V49=1,ISNUMBER(R49)),I49,0) -> 0
A50: 2021-12 | B50: 44545 | C50: =DATE(YEAR(B50),MONTH(B50),1) -> 44531 | D50: =YEAR(B50)&"Q"&ROUNDUP(MONTH(B50)/3,0) -> 2021Q4 | E50: Nam A Bank | F50: 민간 | G50: NH TMCP ĐÔNG NAM Á | H50: SSBL2124014 | I50: 700 | J50: 3 | K50: 고정 | L50: 0.036 | N50: N | O50: 3.6%/NĂM | Q50: =IF($J50="","",IFERROR(IF($J50<=1,INDEX(VN_국채일별!$B$4:$B$1436,MATCH($B50,VN_국채일별!$A$4:$A$1436,1)),IF($J50<=2,INDEX(VN_국채일별!$B$4:$B$1436,MATCH($B50,VN_국채일별!$A$4:$A$1436,1))+(INDEX(VN_국채일별!$C$4:$C$1436,MATCH($B50,VN_국채일별!$A$4:$A$1436,1))-INDEX(VN_국채일별!$B$4:$B$1436,MATCH($B50,VN_국채일별!$A$4:$A$1436,1)))*($J50-1),IF($J50<=3,INDEX(VN_국채일별!$C$4:$C$1436,MATCH($B50,VN_국채일별!$A$4:$A$1436,1))+(INDEX(VN_국채일별!$D$4:$D$1436,MATCH($B50,VN_국채일별!$A$4:$A$1436,1))-INDEX(VN_국채일별!$C$4:$C$1436,MATCH($B50,VN_국채일별!$A$4:$A$1436,1)))*($J50-2),IF($J50<=5,INDEX(VN_국채일별!$D$4:$D$1436,MATCH($B50,VN_국채일별!$A$4:$A$1436,1))+(INDEX(VN_국채일별!$E$4:$E$1436,MATCH($B50,VN_국채일별!$A$4:$A$1436,1))-INDEX(VN_국채일별!$D$4:$D$1436,MATCH($B50,VN_국채일별!$A$4:$A$1436,1)))*($J50-3)/2,IF($J50<=7,INDEX(VN_국채일별!$E$4:$E$1436,MATCH($B50,VN_국채일별!$A$4:$A$1436,1))+(INDEX(VN_국채일별!$F$4:$F$1436,MATCH($B50,VN_국채일별!$A$4:$A$1436,1))-INDEX(VN_국채일별!$E$4:$E$1436,MATCH($B50,VN_국채일별!$A$4:$A$1436,1)))*($J50-5)/2,IF($J50<=10,INDEX(VN_국채일별!$F$4:$F$1436,MATCH($B50,VN_국채일별!$A$4:$A$1436,1))+(INDEX(VN_국채일별!$G$4:$G$1436,MATCH($B50,VN_국채일별!$A$4:$A$1436,1))-INDEX(VN_국채일별!$F$4:$F$1436,MATCH($B50,VN_국채일별!$A$4:$A$1436,1)))*($J50-7)/3,INDEX(VN_국채일별!$G$4:$G$1436,MATCH($B50,VN_국채일별!$A$4:$A$1436,1)))))))),"")) -> 0.00679 | R50: =IF(OR(L50="",Q50=""),"",(L50-Q50)*10000) -> 292.1 | S50: =IF(AND(K50="고정",N50="N",J50>=2,J50<=4,I50<>""),1,0) -> 1 | T50: =IF(S50=1,I50*L50,0) -> 25.2 | U50: =IF(AND(S50=1,ISNUMBER(R50)),I50*R50,0) -> 204470 | V50: =IF(AND(F50="Big4(국영)",K50="고정",N50="N",I50<>""),1,0) -> 0 | W50: =IF(V50=1,I50*L50,0) -> 0 | X50: =IF(AND(V50=1,ISNUMBER(R50)),I50*R50,0) -> 0 | Y50: =IF(AND(S50=1,ISNUMBER(R50)),I50,0) -> 700 | Z50: =IF(AND(V50=1,ISNUMBER(R50)),I50,0) -> 0
